cuadro,t,etiqueta,vida_px
0,1.211,,75
1,1.302,,75
2,1.337,,75
3,1.371,,75
4,1.404,,75
5,1.438,,75
6,1.483,,75
7,1.517,,75
8,1.550,,75
9,1.584,,75
10,1.618,,75
11,1.651,,75
12,1.685,,75
13,1.719,,75
14,1.753,,75
15,1.786,,75
16,1.820,,75
17,1.853,,75
18,1.887,,75
19,1.921,,75
20,1.954,,75
21,1.988,,75
22,2.022,,75
23,2.067,,75
24,2.101,,75
25,2.135,,75
26,2.168,,75
27,2.202,,75
28,2.236,,75
29,2.269,,75
30,2.303,,75
31,2.337,,75
32,2.371,,75
33,2.405,,75
34,2.450,,75
35,2.484,,75
36,2.518,,75
37,2.551,,75
38,2.585,,75
39,2.618,,75
40,2.652,,75
41,2.686,,75
42,2.720,,75
43,2.753,,75
44,2.787,,75
45,2.821,,75
46,2.855,,75
47,2.899,,75
48,2.935,,75
49,2.968,,75
50,3.002,,75
51,3.036,,75
52,3.069,,75
53,3.103,,75
54,3.137,,75
55,3.171,,75
56,3.204,,75
57,3.238,,75
58,3.283,,75
59,3.317,,75
60,3.351,,75
61,3.384,,75
62,3.418,,75
63,3.451,,75
64,3.484,,75
65,3.518,,75
66,3.552,,75
67,3.585,,75
68,3.619,,75
69,3.653,,75
70,3.687,,75
71,3.720,,75
72,3.754,,75
73,3.787,,75
74,3.821,,75
75,3.855,,75
76,3.900,,75
77,3.934,,75
78,3.968,,75
79,4.002,,75
80,4.035,,75
81,4.069,,75
82,4.103,,75
83,4.136,,75
84,4.170,,75
85,4.204,,75
86,4.237,,75
87,4.271,,75
88,4.305,,75
89,4.351,,75
90,4.384,,75
91,4.418,,75
92,4.452,,75
93,4.486,,75
94,4.520,,75
95,4.553,,75
96,4.587,,75
97,4.620,,74
98,4.657,,74
99,4.716,,74
100,4.758,,74
101,4.801,,74
102,4.835,,74
103,4.869,,74
104,4.902,,74
105,4.936,,74
106,4.969,,74
107,5.003,,74
108,5.037,,74
109,5.070,,74
110,5.104,,74
111,5.138,,74
112,5.171,,74
113,5.204,,74
114,5.251,,74
115,5.285,,74
116,5.318,,74
117,5.352,,74
118,5.386,,74
119,5.419,,74
120,5.453,,74
121,5.487,,74
122,5.520,,74
123,5.554,,74
124,5.588,,74
125,5.640,,74
126,5.690,,74
127,5.758,,74
128,5.807,,74
129,5.854,,74
130,5.888,,74
131,5.921,,74
132,6.111,,74
133,6.174,,74
134,6.220,,74
135,6.254,,74
136,6.288,,74
137,6.321,,74
138,6.367,,74
139,6.400,,74
140,6.434,,74
141,6.468,,74
142,6.502,,74
143,6.536,,74
144,6.569,,74
145,6.603,,74
146,6.637,,74
147,6.670,,74
148,6.704,,74
149,6.738,,74
150,6.783,,74
151,6.818,,74
152,6.852,,74
153,6.886,,74
154,6.919,,74
155,6.953,,74
156,6.986,,74
157,7.020,,74
158,7.053,,74
159,7.087,,74
160,7.121,,74
161,7.167,,74
162,7.201,,74
163,7.234,,74
164,7.268,,74
165,7.306,,74
166,7.349,,74
167,7.383,,74
168,7.416,,74
169,7.450,,74
170,7.484,,74
171,7.518,,74
172,7.552,,74
173,7.609,,74
174,7.673,,74
175,7.741,,74
176,7.806,,74
177,7.856,,74
178,7.903,,74
179,7.937,,74
180,7.970,,74
181,8.015,,74
182,8.051,,74
183,8.090,,73
184,8.136,,73
185,8.169,,73
186,8.203,,73
187,8.236,,73
188,8.270,,73
189,8.303,,73
190,8.337,,73
191,8.371,,73
192,8.405,,73
193,8.449,,73
194,8.483,,73
195,8.518,,73
196,8.552,,73
197,8.585,,73
198,8.619,,73
199,8.653,,73
200,8.686,,73
201,8.720,,73
202,8.753,,73
203,8.787,,74
204,8.821,,74
205,8.854,,75
206,8.888,,75
207,8.936,,75
208,8.972,,75
209,9.023,,75
210,9.067,,75
211,9.101,,75
212,9.134,,75
213,9.168,,75
214,9.201,,75
215,9.235,,75
216,9.269,,75
217,9.303,,75
218,9.336,,75
219,9.370,,75
220,9.403,,75
221,9.437,,75
222,9.471,,75
223,9.505,,75
224,9.549,,75
225,9.583,,75
226,9.617,,75
227,9.650,,75
228,9.684,,75
229,9.718,,75
230,9.751,,75
231,9.785,,75
232,9.818,,75
233,9.852,,75
234,9.886,,75
235,9.919,,75
236,9.953,,75
237,9.986,,75
238,10.020,,75
239,10.054,,75
240,10.088,,75
241,10.133,,75
242,10.166,,75
243,10.200,,75
244,10.237,,75
245,10.271,,75
246,10.307,,75
247,10.355,,75
248,10.404,,75
249,10.439,,75
250,10.486,,75
251,10.520,,75
252,10.554,,75
253,10.587,,75
254,10.621,,75
255,10.655,,75
256,10.695,,75
257,10.728,,75
258,10.762,,75
259,10.796,,75
260,10.830,,75
261,10.863,,75
262,10.897,,75
263,10.930,,75
264,10.964,,75
265,10.998,,75
266,11.032,,75
267,11.065,,75
268,11.098,,75
269,11.132,,75
270,11.166,,75
271,11.200,,75
272,11.234,,75
273,11.267,,75
274,11.301,,75
275,11.335,,75
276,11.369,,75
277,11.620,,75
278,11.654,,75
279,11.688,,75
280,11.733,,75
281,11.767,,75
282,11.801,,75
283,11.835,,75
284,11.868,,75
285,11.902,,75
286,11.940,,75
287,11.984,,75
288,12.018,,75
289,12.051,,75
290,12.085,,75
291,12.118,,75
292,12.152,,75
293,12.187,,75
294,12.221,,75
295,12.255,,75
296,12.299,,75
297,12.333,,75
298,12.368,,75
299,12.401,,75
300,12.435,,75
301,12.469,,75
302,12.503,,75
303,12.537,,75
304,12.571,,75
305,12.604,,75
306,12.650,,75
307,12.684,,75
308,12.718,,75
309,12.752,,75
310,12.785,,75
311,12.819,,75
312,12.853,,75
313,12.886,,75
314,12.920,,75
315,12.953,,75
316,12.987,,75
317,13.021,,75
318,13.054,,75
319,13.088,,75
320,13.121,,75
321,13.165,,75
322,13.199,,75
323,13.233,,75
324,13.267,,75
325,13.301,,75
326,13.335,,75
327,13.369,,75
328,13.403,,75
329,13.436,,75
330,13.470,,75
331,13.504,,75
332,13.537,,75
333,13.571,,75
334,13.604,,75
335,13.638,,75
336,13.671,,75
337,13.719,,75
338,13.752,,75
339,13.786,,75
340,13.819,,75
341,13.853,,75
342,13.887,,75
343,13.920,,75
344,13.954,,75
345,13.988,,75
346,14.034,,75
347,14.067,,75
348,14.101,,75
349,14.274,,75
350,14.318,,75
351,14.352,,75
352,14.386,,75
353,14.419,,75
354,14.453,,75
355,14.487,,75
356,14.521,,75
357,14.554,,75
358,14.588,,75
359,14.634,,75
360,14.668,,75
361,14.701,,75
362,14.735,,75
363,14.768,,75
364,14.802,,75
365,14.835,,75
366,14.869,,75
367,14.903,,75
368,14.937,,75
369,14.970,,75
370,15.004,,75
371,15.052,,75
372,15.085,,75
373,15.119,,75
374,15.153,,75
375,15.187,,75
376,15.220,,75
377,15.254,,75
378,15.287,,75
379,15.321,,75
380,15.355,,75
381,15.400,,75
382,15.434,,75
383,15.471,,75
384,15.506,,75
385,15.551,,75
386,15.585,,75
387,15.619,,75
388,15.654,,75
389,15.688,,75
390,15.721,,75
391,15.755,,75
392,15.800,,75
393,15.834,,75
394,15.871,,75
395,15.919,,75
396,15.953,,75
397,16.313,,75
398,16.354,,75
399,16.388,,75
400,16.434,,75
401,16.468,,75
402,16.502,,75
403,16.536,,75
404,16.570,,75
405,16.604,,75
406,16.637,,75
407,16.671,,75
408,16.704,,75
409,16.738,,75
410,16.772,,75
411,16.817,,75
412,16.851,,75
413,16.884,,75
414,16.918,,75
415,16.951,,75
416,16.985,,75
417,17.019,,75
418,17.052,,75
419,17.086,,75
420,17.120,,75
421,17.153,,75
422,17.187,,75
423,17.220,,75
424,17.254,,75
425,17.288,,75
426,17.322,,75
427,17.368,,75
428,17.406,,75
429,17.456,,75
430,17.500,,75
431,17.536,,75
432,17.584,,75
433,17.618,,75
434,17.653,,75
435,17.687,,75
436,17.720,,75
437,17.754,,75
438,17.788,,75
439,17.822,,75
440,17.867,,75
441,17.901,,75
442,17.936,,75
443,17.970,,75
444,18.003,,75
445,18.037,,75
446,18.071,,75
447,18.104,,75
448,18.137,,75
449,18.171,,75
450,18.205,,75
451,18.250,,75
452,18.285,,75
453,18.319,,75
454,18.353,,75
455,18.386,,75
456,18.419,,75
457,18.453,,75
458,18.487,,75
459,18.520,,75
460,18.554,,75
461,18.588,,75
462,18.634,,75
463,18.668,,75
464,18.703,,75
465,18.737,,75
466,18.770,,75
467,18.804,,75
468,18.838,,75
469,18.871,,75
470,18.918,,75
471,18.952,,75
472,18.986,,75
473,19.020,,75
474,19.054,,75
475,19.088,,75
476,19.121,,75
477,19.169,,75
478,19.204,,75
479,19.237,,75
480,19.271,,75
481,19.318,,75
482,19.352,,75
483,19.386,,75
484,19.419,,75
485,19.453,,75
486,19.487,,75
487,19.520,,75
488,19.554,,76
489,19.588,,76
490,19.621,,76
491,19.655,,76
492,19.700,,76
493,19.736,,76
494,19.769,,76
495,19.803,,76
496,19.837,,76
497,19.871,,76
498,19.905,,76
499,19.951,,76
500,19.985,,76
501,20.018,,76
502,20.052,,76
503,20.085,,76
504,20.119,,76
505,20.153,,76
506,20.186,,76
507,20.220,,76
508,20.254,,76
509,20.287,,76
510,20.321,,76
511,20.354,,76
512,20.388,,76
513,20.435,,76
514,20.475,,76
515,20.519,,76
516,20.553,,76
517,20.587,,76
518,20.621,,76
519,20.654,,76
520,20.688,,76
521,20.734,,76
522,20.769,,76
523,20.803,,76
524,20.836,,76
525,20.870,,76
526,20.904,,76
527,20.937,,76
528,20.971,,76
529,21.005,,75
530,21.051,,75
531,21.085,,75
532,21.119,,75
533,21.152,,75
534,21.186,,75
535,21.220,,75
536,21.253,,75
537,21.287,,75
538,21.321,,75
539,21.354,,75
540,21.419,,75
541,21.453,,75
542,21.487,,75
543,21.521,,75
544,21.557,,75
545,21.604,,75
546,21.637,,75
547,21.671,,75
548,21.705,,75
549,21.751,,75
550,21.785,,75
551,21.819,,75
552,21.852,,75
553,21.886,,75
554,21.920,,75
555,21.954,,75
556,21.987,,75
557,22.021,,75
558,22.067,,75
559,22.103,,75
560,22.140,,75
561,22.186,,75
562,22.219,,75
563,22.253,,75
564,22.287,,75
565,22.320,,75
566,22.354,,75
567,22.404,,75
568,22.437,,75
569,22.471,,75
570,22.505,,75
571,22.551,,75
572,22.585,,75
573,22.618,,75
574,22.652,,75
575,22.686,,75
576,22.720,,75
577,22.753,,75
578,22.787,,75
579,22.821,,75
580,22.854,,75
581,22.888,,75
582,22.934,,75
583,22.968,,75
584,23.004,,75
585,23.038,,75
586,23.071,,75
587,23.105,,75
588,23.152,,75
589,23.185,,75
590,23.219,,75
591,23.253,,75
592,23.286,,75
593,23.320,,75
594,23.353,,75
595,23.387,,75
596,23.421,,74
597,23.454,,74
598,23.501,,74
599,23.535,,74
600,23.569,,74
601,23.603,,74
602,23.636,,74
603,23.670,,74
604,23.704,,74
605,23.737,,74
606,23.771,,74
607,23.804,,74
608,23.850,,74
609,23.885,,74
610,23.919,,74
611,23.953,,74
612,23.987,,74
613,24.021,,74
614,24.054,,74
615,24.088,,74
616,24.135,,74
617,24.168,,74
618,24.202,,74
619,24.235,,74
620,24.269,,74
621,24.303,,74
622,24.336,,74
623,24.370,,74
624,24.403,,74
625,24.437,,74
626,24.471,,74
627,24.504,,74
628,24.538,,74
629,24.572,,74
630,24.617,,74
631,24.651,,74
632,24.685,,74
633,24.718,,74
634,24.752,,74
635,24.786,,74
636,24.819,,74
637,24.853,,74
638,24.887,,74
639,24.920,,74
640,24.954,,74
641,24.988,,74
642,25.021,,74
643,25.055,,74
644,25.100,,74
645,25.134,,74
646,25.169,,74
647,25.202,,74
648,25.236,,74
649,25.270,,74
650,25.303,,74
651,25.337,,74
652,25.370,,74
653,25.404,,74
654,25.438,,74
655,25.471,,74
656,25.516,,74
657,25.550,,74
658,25.584,,74
659,25.618,,74
660,25.651,,74
661,25.685,,74
662,25.719,,74
663,25.752,,74
664,25.786,,74
665,25.820,,74
666,25.853,,74
667,25.887,,74
668,25.921,,74
669,25.955,,74
670,26.001,,73
671,26.035,,73
672,26.069,,73
673,26.102,,73
674,26.136,,73
675,26.170,,73
676,26.203,,73
677,26.237,,73
678,26.270,,73
679,26.304,,73
680,26.338,,73
681,26.371,,73
682,26.405,,73
683,26.449,,73
684,26.483,golpe,73
685,26.517,golpe,73
686,26.550,golpe,73
687,26.584,golpe,73
688,26.617,golpe,73
689,26.652,golpe,73
690,26.685,golpe,73
691,26.719,golpe,73
692,26.753,golpe,73
693,26.786,golpe,73
694,26.820,golpe,73
695,26.854,golpe,73
696,26.888,golpe,73
697,26.921,golpe,73
698,26.955,golpe,73
699,27.000,golpe,73
700,27.033,golpe,73
701,27.067,golpe,73
702,27.100,golpe,73
703,27.134,golpe,73
704,27.168,golpe,73
705,27.201,golpe,73
706,27.235,golpe,73
707,27.268,golpe,73
708,27.302,golpe,73
709,27.336,golpe,73
710,27.369,golpe,73
711,27.403,golpe,73
712,27.436,golpe,73
713,27.470,golpe,73
714,27.503,golpe,73
715,27.537,golpe,73
716,27.570,golpe,73
717,27.604,golpe,73
718,27.637,golpe,73
719,27.671,golpe,73
720,27.705,golpe,73
721,27.738,golpe,73
722,27.784,golpe,73
723,27.818,golpe,73
724,27.852,golpe,73
725,27.885,golpe,73
726,27.919,golpe,73
727,27.952,golpe,73
728,27.986,golpe,73
729,28.020,golpe,73
730,28.053,golpe,73
731,28.087,golpe,73
732,28.121,golpe,73
733,28.155,golpe,73
734,28.200,golpe,73
735,28.234,golpe,73
736,28.267,golpe,73
737,28.301,golpe,73
738,28.335,golpe,73
739,28.368,golpe,73
740,28.402,golpe,73
741,28.436,golpe,73
742,28.470,golpe,73
743,28.504,golpe,73
744,28.537,golpe,73
745,28.571,golpe,73
746,28.605,golpe,73
747,28.638,golpe,73
748,28.672,golpe,73
749,28.714,golpe,73
750,28.750,golpe,73
751,28.784,golpe,73
752,28.818,golpe,73
753,28.852,golpe,73
754,28.886,golpe,73
755,28.920,golpe,73
756,28.953,golpe,73
757,28.987,golpe,73
758,29.021,golpe,73
759,29.054,golpe,73
760,29.088,golpe,73
761,29.121,golpe,73
762,29.155,golpe,73
763,29.198,golpe,73
764,29.233,golpe,73
765,29.267,golpe,73
766,29.301,golpe,73
767,29.335,golpe,73
768,29.369,golpe,73
769,29.402,golpe,73
770,29.436,golpe,73
771,29.470,golpe,73
772,29.504,golpe,73
773,29.537,golpe,73
774,29.571,golpe,73
775,29.604,golpe,74
776,29.638,golpe,75
777,29.672,golpe,75
778,29.716,golpe,75
779,29.750,golpe,75
780,29.784,golpe,75
781,29.817,golpe,75
782,29.851,golpe,75
783,29.884,golpe,75
784,29.918,golpe,75
785,29.951,golpe,75
786,29.985,golpe,75
787,30.019,golpe,75
788,30.053,golpe,75
789,30.086,golpe,75
790,30.120,golpe,75
791,30.154,golpe,75
792,30.187,golpe,75
793,30.221,golpe,75
794,30.255,golpe,75
795,30.289,golpe,75
796,30.334,golpe,75
797,30.367,golpe,75
798,30.401,golpe,75
799,30.434,golpe,75
800,30.469,golpe,75
801,30.503,golpe,75
802,30.536,golpe,75
803,30.570,golpe,75
804,30.604,golpe,75
805,30.637,golpe,75
806,30.671,golpe,75
807,30.705,golpe,75
808,30.749,golpe,75
809,30.783,golpe,75
810,30.816,golpe,75
811,30.850,golpe,75
812,30.885,golpe,75
813,30.919,golpe,75
814,30.952,golpe,75
815,30.986,golpe,75
816,31.020,golpe,75
817,31.053,golpe,75
818,31.087,golpe,75
819,31.121,golpe,75
820,31.154,golpe,75
821,31.188,golpe,75
822,31.222,golpe,75
823,31.268,golpe,75
824,31.301,golpe,75
825,31.334,golpe,75
826,31.368,golpe,75
827,31.402,golpe,75
828,31.435,golpe,75
829,31.470,golpe,75
830,31.504,golpe,75
831,31.537,golpe,75
832,31.571,golpe,75
833,31.605,golpe,75
834,31.638,golpe,75
835,31.682,golpe,75
836,31.719,golpe,75
837,31.752,golpe,75
838,31.786,golpe,75
839,31.820,golpe,75
840,31.853,golpe,75
841,31.887,golpe,75
842,31.921,golpe,75
843,31.955,golpe,75
844,31.989,golpe,75
845,32.034,golpe,75
846,32.068,golpe,75
847,32.102,golpe,75
848,32.136,golpe,75
849,32.169,golpe,75
850,32.203,golpe,75
851,32.236,golpe,75
852,32.270,golpe,75
853,32.303,golpe,75
854,32.337,golpe,75
855,32.371,golpe,74
856,32.405,golpe,74
857,32.450,golpe,74
858,32.484,golpe,74
859,32.518,golpe,74
860,32.552,golpe,74
861,32.586,golpe,74
862,32.619,golpe,74
863,32.652,golpe,74
864,32.686,golpe,74
865,32.720,golpe,74
866,32.753,golpe,74
867,32.787,golpe,74
868,32.821,golpe,74
869,32.854,golpe,74
870,32.888,golpe,74
871,32.921,golpe,74
872,32.955,golpe,74
873,33.000,golpe,74
874,33.034,golpe,74
875,33.068,golpe,74
876,33.101,golpe,73
877,33.135,golpe,73
878,33.168,golpe,73
879,33.202,golpe,73
880,33.236,golpe,73
881,33.269,golpe,73
882,33.303,golpe,73
883,33.337,golpe,73
884,33.370,golpe,73
885,33.404,golpe,73
886,33.438,golpe,73
887,33.471,golpe,73
888,33.505,golpe,73
889,33.551,golpe,73
890,33.585,golpe,73
891,33.619,golpe,73
892,33.652,golpe,73
893,33.686,golpe,73
894,33.719,golpe,73
895,33.753,golpe,73
896,33.786,golpe,73
897,33.820,golpe,73
898,33.854,golpe,73
899,33.888,golpe,73
900,33.921,golpe,73
901,33.955,golpe,73
902,33.988,golpe,73
903,34.035,golpe,73
904,34.069,golpe,73
905,34.102,golpe,73
906,34.136,golpe,73
907,34.169,golpe,73
908,34.203,golpe,73
909,34.236,golpe,73
910,34.270,golpe,73
911,34.303,golpe,73
912,34.337,golpe,73
913,34.371,golpe,73
914,34.405,golpe,73
915,34.439,golpe,73
916,34.486,golpe,73
917,34.519,golpe,73
918,34.553,golpe,73
919,34.587,golpe,73
920,34.620,golpe,73
921,34.654,golpe,73
922,34.688,golpe,73
923,34.721,golpe,73
924,34.755,golpe,73
925,34.801,golpe,73
926,34.834,golpe,73
927,34.868,golpe,73
928,34.902,golpe,73
929,34.935,golpe,73
930,34.969,golpe,73
931,35.003,golpe,73
932,35.037,golpe,73
933,35.070,golpe,73
934,35.103,golpe,73
935,35.137,golpe,73
936,35.171,golpe,73
937,35.204,golpe,73
938,35.238,golpe,73
939,35.272,golpe,73
940,35.316,golpe,73
941,35.350,golpe,73
942,35.384,golpe,73
943,35.417,golpe,73
944,35.451,golpe,73
945,35.485,golpe,73
946,35.518,golpe,73
947,35.552,golpe,73
948,35.585,golpe,73
949,35.619,golpe,73
950,35.653,golpe,73
951,35.686,golpe,73
952,35.720,golpe,73
953,35.754,golpe,73
954,35.787,golpe,73
955,35.821,golpe,73
956,35.855,golpe,73
957,35.902,golpe,73
958,35.936,golpe,72
959,35.969,golpe,72
960,36.003,golpe,72
961,36.037,golpe,72
962,36.070,golpe,72
963,36.104,golpe,72
964,36.137,golpe,72
965,36.172,golpe,72
966,36.205,golpe,72
967,36.249,golpe,72
968,36.284,golpe,72
969,36.317,golpe,72
970,36.351,golpe,72
971,36.385,golpe,72
972,36.418,golpe,72
973,36.452,golpe,72
974,36.486,golpe,72
975,36.520,golpe,72
976,36.554,golpe,72
977,36.587,golpe,72
978,36.621,golpe,72
979,36.655,golpe,72
980,36.688,golpe,72
981,36.734,golpe,72
982,36.767,golpe,72
983,36.803,golpe,72
984,36.839,golpe,72
985,36.884,golpe,72
986,36.918,golpe,72
987,36.952,golpe,72
988,36.986,golpe,72
989,37.019,golpe,72
990,37.053,golpe,72
991,37.086,golpe,72
992,37.120,golpe,72
993,37.154,golpe,72
994,37.187,golpe,72
995,37.221,golpe,72
996,37.255,golpe,72
997,37.289,golpe,72
998,37.358,golpe,72
999,37.424,golpe,72
1000,37.491,golpe,72
1001,37.539,golpe,72
1002,37.585,golpe,72
1003,37.619,golpe,72
1004,37.653,golpe,72
1005,37.686,golpe,72
1006,37.720,golpe,72
1007,37.753,golpe,72
1008,37.787,golpe,72
1009,37.821,golpe,72
1010,37.855,golpe,72
1011,37.888,golpe,72
1012,37.922,golpe,72
1013,37.965,golpe,72
1014,38.000,golpe,72
1015,38.033,golpe,72
1016,38.067,golpe,72
1017,38.100,golpe,72
1018,38.134,golpe,72
1019,38.168,golpe,72
1020,38.202,golpe,72
1021,38.236,golpe,72
1022,38.269,golpe,72
1023,38.303,golpe,72
1024,38.337,golpe,72
1025,38.370,golpe,72
1026,38.403,golpe,72
1027,38.437,golpe,72
1028,38.471,golpe,72
1029,38.505,golpe,72
1030,38.549,golpe,72
1031,38.584,golpe,72
1032,38.617,golpe,72
1033,38.651,golpe,72
1034,38.687,golpe,72
1035,38.721,golpe,72
1036,38.754,golpe,72
1037,38.788,golpe,71
1038,38.821,golpe,71
1039,38.855,golpe,71
1040,38.888,golpe,71
1041,38.934,golpe,71
1042,38.968,golpe,71
1043,39.001,golpe,71
1044,39.035,golpe,71
1045,39.068,golpe,71
1046,39.102,golpe,71
1047,39.135,golpe,71
1048,39.169,golpe,71
1049,39.202,golpe,71
1050,39.236,golpe,71
1051,39.270,golpe,71
1052,39.305,golpe,71
1053,39.349,golpe,71
1054,39.383,golpe,71
1055,39.417,golpe,71
1056,39.450,golpe,71
1057,39.484,golpe,71
1058,39.517,golpe,71
1059,39.551,golpe,72
1060,39.584,golpe,72
1061,39.618,golpe,73
1062,39.652,golpe,73
1063,39.685,golpe,74
1064,39.719,golpe,74
1065,39.752,golpe,74
1066,39.786,golpe,74
1067,39.820,golpe,74
1068,39.853,golpe,74
1069,39.887,golpe,74
1070,39.920,golpe,74
1071,39.954,golpe,74
1072,39.988,golpe,74
1073,40.022,golpe,74
1074,40.055,golpe,74
1075,40.101,golpe,74
1076,40.135,golpe,74
1077,40.169,golpe,74
1078,40.202,golpe,74
1079,40.236,golpe,74
1080,40.269,golpe,74
1081,40.303,golpe,74
1082,40.336,golpe,74
1083,40.370,golpe,74
1084,40.404,golpe,74
1085,40.438,golpe,74
1086,40.471,golpe,74
1087,40.505,golpe,74
1088,40.538,golpe,74
1089,40.572,golpe,74
1090,40.616,golpe,74
1091,40.650,golpe,74
1092,40.684,golpe,74
1093,40.718,golpe,74
1094,40.752,golpe,74
1095,40.785,golpe,74
1096,40.819,golpe,74
1097,40.852,golpe,74
1098,40.886,golpe,74
1099,40.920,golpe,74
1100,40.953,golpe,74
1101,40.987,golpe,74
1102,41.020,golpe,74
1103,41.054,golpe,74
1104,41.088,golpe,74
1105,41.121,golpe,74
1106,41.155,golpe,74
1107,41.200,golpe,74
1108,41.234,golpe,74
1109,41.268,golpe,74
1110,41.301,golpe,74
1111,41.335,golpe,74
1112,41.368,golpe,74
1113,41.402,golpe,74
1114,41.436,golpe,74
1115,41.469,golpe,74
1116,41.503,golpe,74
1117,41.536,golpe,74
1118,41.570,golpe,74
1119,41.604,golpe,74
1120,41.637,golpe,74
1121,41.671,golpe,74
1122,41.705,golpe,74
1123,41.738,golpe,74
1124,41.783,golpe,74
1125,41.817,golpe,74
1126,41.850,golpe,74
1127,41.884,golpe,74
1128,41.918,golpe,74
1129,41.951,golpe,74
1130,41.985,golpe,74
1131,42.019,golpe,74
1132,42.052,golpe,74
1133,42.086,golpe,74
1134,42.120,golpe,74
1135,42.154,golpe,74
1136,42.187,golpe,74
1137,42.221,golpe,74
1138,42.254,golpe,74
1139,42.288,golpe,73
1140,42.322,golpe,73
1141,42.355,golpe,73
1142,42.400,golpe,73
1143,42.434,golpe,73
1144,42.467,golpe,73
1145,42.501,golpe,73
1146,42.535,golpe,73
1147,42.568,golpe,73
1148,42.602,golpe,73
1149,42.636,golpe,73
1150,42.669,golpe,73
1151,42.703,golpe,73
1152,42.737,golpe,73
1153,42.771,golpe,73
1154,42.805,golpe,73
1155,42.838,golpe,73
1156,42.872,golpe,73
1157,42.906,golpe,73
1158,42.949,golpe,73
1159,42.983,golpe,73
1160,43.016,golpe,73
1161,43.050,golpe,73
1162,43.083,golpe,73
1163,43.117,golpe,73
1164,43.150,golpe,73
1165,43.184,golpe,73
1166,43.218,golpe,73
1167,43.252,golpe,73
1168,43.285,golpe,73
1169,43.319,golpe,73
1170,43.352,golpe,73
1171,43.386,golpe,73
1172,43.419,golpe,73
1173,43.453,golpe,73
1174,43.487,golpe,73
1175,43.520,golpe,73
1176,43.554,golpe,73
1177,43.587,golpe,73
1178,43.621,golpe,73
1179,43.655,golpe,73
1180,43.688,golpe,73
1181,43.722,golpe,73
1182,43.767,golpe,73
1183,43.800,golpe,73
1184,43.834,golpe,73
1185,43.868,golpe,73
1186,43.901,golpe,73
1187,43.935,golpe,73
1188,43.969,golpe,73
1189,44.002,golpe,73
1190,44.036,golpe,73
1191,44.070,golpe,73
1192,44.103,golpe,73
1193,44.137,golpe,73
1194,44.171,golpe,73
1195,44.205,golpe,73
1196,44.238,golpe,73
1197,44.272,golpe,73
1198,44.305,golpe,73
1199,44.351,golpe,73
1200,44.384,golpe,73
1201,44.418,golpe,73
1202,44.452,golpe,73
1203,44.485,golpe,73
1204,44.519,golpe,73
1205,44.553,golpe,73
1206,44.586,golpe,73
1207,44.620,golpe,73
1208,44.653,golpe,73
1209,44.687,golpe,73
1210,44.721,golpe,73
1211,44.755,golpe,73
1212,44.788,golpe,73
1213,44.822,golpe,73
1214,44.866,golpe,73
1215,44.900,golpe,73
1216,44.934,golpe,73
1217,44.968,golpe,73
1218,45.001,golpe,73
1219,45.035,golpe,73
1220,45.069,golpe,73
1221,45.102,golpe,73
1222,45.136,golpe,72
1223,45.170,golpe,72
1224,45.203,golpe,72
1225,45.237,golpe,72
1226,45.271,golpe,72
1227,45.304,golpe,72
1228,45.338,golpe,72
1229,45.371,golpe,72
1230,45.405,golpe,72
1231,45.450,golpe,72
1232,45.484,golpe,72
1233,45.518,golpe,72
1234,45.552,golpe,72
1235,45.585,golpe,72
1236,45.619,golpe,72
1237,45.652,golpe,72
1238,45.686,golpe,72
1239,45.720,golpe,72
1240,45.753,golpe,72
1241,45.787,golpe,72
1242,45.821,golpe,72
1243,45.854,golpe,72
1244,45.888,golpe,72
1245,45.922,golpe,72
1246,45.967,golpe,72
1247,46.000,golpe,72
1248,46.034,golpe,72
1249,46.068,golpe,72
1250,46.102,golpe,72
1251,46.135,golpe,72
1252,46.169,golpe,72
1253,46.202,golpe,72
1254,46.236,golpe,72
1255,46.270,golpe,72
1256,46.303,golpe,72
1257,46.337,golpe,72
1258,46.371,golpe,72
1259,46.404,golpe,72
1260,46.438,golpe,72
1261,46.471,golpe,72
1262,46.505,golpe,72
1263,46.539,golpe,72
1264,46.585,golpe,72
1265,46.619,golpe,72
1266,46.652,golpe,72
1267,46.686,golpe,72
1268,46.719,bloqueo,72
1269,46.753,bloqueo,72
1270,46.787,bloqueo,72
1271,46.820,bloqueo,72
1272,46.854,bloqueo,72
1273,46.888,bloqueo,72
1274,46.921,bloqueo,72
1275,46.955,bloqueo,72
1276,46.989,bloqueo,72
1277,47.034,bloqueo,72
1278,47.068,bloqueo,72
1279,47.102,bloqueo,72
1280,47.135,bloqueo,72
1281,47.169,bloqueo,72
1282,47.203,bloqueo,72
1283,47.237,bloqueo,72
1284,47.271,bloqueo,72
1285,47.304,bloqueo,72
1286,47.338,bloqueo,72
1287,47.372,bloqueo,72
1288,47.416,bloqueo,72
1289,47.451,bloqueo,72
1290,47.485,bloqueo,72
1291,47.519,bloqueo,72
1292,47.552,bloqueo,72
1293,47.586,bloqueo,72
1294,47.620,bloqueo,72
1295,47.653,bloqueo,72
1296,47.687,bloqueo,72
1297,47.721,bloqueo,72
1298,47.755,bloqueo,72
1299,47.789,bloqueo,72
1300,47.834,bloqueo,72
1301,47.868,bloqueo,72
1302,47.901,bloqueo,72
1303,47.935,bloqueo,72
1304,47.969,bloqueo,72
1305,48.002,bloqueo,72
1306,48.036,bloqueo,72
1307,48.069,bloqueo,72
1308,48.103,bloqueo,72
1309,48.137,bloqueo,72
1310,48.170,bloqueo,72
1311,48.203,bloqueo,72
1312,48.237,bloqueo,72
1313,48.271,bloqueo,72
1314,48.304,bloqueo,72
1315,48.338,bloqueo,72
1316,48.371,bloqueo,72
1317,48.405,bloqueo,72
1318,48.439,bloqueo,72
1319,48.483,bloqueo,72
1320,48.518,bloqueo,72
1321,48.551,bloqueo,72
1322,48.585,bloqueo,72
1323,48.618,bloqueo,72
1324,48.652,bloqueo,72
1325,48.686,bloqueo,72
1326,48.719,bloqueo,72
1327,48.753,bloqueo,72
1328,48.786,bloqueo,72
1329,48.820,bloqueo,72
1330,48.854,bloqueo,72
1331,48.887,bloqueo,72
1332,48.921,bloqueo,72
1333,48.954,bloqueo,72
1334,48.988,bloqueo,72
1335,49.022,bloqueo,72
1336,49.056,bloqueo,72
1337,49.101,bloqueo,72
1338,49.134,bloqueo,72
1339,49.168,bloqueo,72
1340,49.201,bloqueo,72
1341,49.235,bloqueo,72
1342,49.269,bloqueo,72
1343,49.303,bloqueo,72
1344,49.336,bloqueo,72
1345,49.370,bloqueo,72
1346,49.404,bloqueo,72
1347,49.438,bloqueo,72
1348,49.471,bloqueo,72
1349,49.504,bloqueo,72
1350,49.538,bloqueo,72
1351,49.572,bloqueo,72
1352,49.616,bloqueo,73
1353,49.651,bloqueo,73
1354,49.685,bloqueo,74
1355,49.719,bloqueo,74
1356,49.752,bloqueo,74
1357,49.786,bloqueo,74
1358,49.820,bloqueo,74
1359,49.853,bloqueo,74
1360,49.887,bloqueo,74
1361,49.920,bloqueo,74
1362,49.954,bloqueo,74
1363,49.987,bloqueo,74
1364,50.021,bloqueo,74
1365,50.055,bloqueo,74
1366,50.099,bloqueo,74
1367,50.133,bloqueo,74
1368,50.167,bloqueo,74
1369,50.201,bloqueo,74
1370,50.234,bloqueo,74
1371,50.268,bloqueo,74
1372,50.302,bloqueo,74
1373,50.335,bloqueo,74
1374,50.369,bloqueo,74
1375,50.403,bloqueo,74
1376,50.437,bloqueo,74
1377,50.470,bloqueo,74
1378,50.504,bloqueo,74
1379,50.537,bloqueo,74
1380,50.571,bloqueo,74
1381,50.604,bloqueo,74
1382,50.638,bloqueo,74
1383,50.672,bloqueo,74
1384,50.706,bloqueo,74
1385,50.749,bloqueo,74
1386,50.786,bloqueo,74
1387,50.819,bloqueo,74
1388,50.853,bloqueo,74
1389,50.887,bloqueo,74
1390,50.921,bloqueo,74
1391,50.954,bloqueo,74
1392,50.988,bloqueo,74
1393,51.021,bloqueo,74
1394,51.055,bloqueo,74
1395,51.088,bloqueo,74
1396,51.122,bloqueo,74
1397,51.166,bloqueo,74
1398,51.201,bloqueo,74
1399,51.234,bloqueo,74
1400,51.268,bloqueo,74
1401,51.302,bloqueo,74
1402,51.335,bloqueo,74
1403,51.369,bloqueo,74
1404,51.403,bloqueo,74
1405,51.436,bloqueo,74
1406,51.470,bloqueo,74
1407,51.503,bloqueo,74
1408,51.537,bloqueo,74
1409,51.571,bloqueo,74
1410,51.605,bloqueo,74
1411,51.655,bloqueo,74
1412,51.703,bloqueo,74
1413,51.750,bloqueo,74
1414,51.785,bloqueo,74
1415,51.818,bloqueo,74
1416,51.852,bloqueo,74
1417,51.885,bloqueo,74
1418,51.919,bloqueo,74
1419,51.953,bloqueo,74
1420,51.987,bloqueo,74
1421,52.020,bloqueo,74
1422,52.054,bloqueo,74
1423,52.087,bloqueo,74
1424,52.121,bloqueo,74
1425,52.155,bloqueo,74
1426,52.189,bloqueo,74
1427,52.232,bloqueo,74
1428,52.266,bloqueo,74
1429,52.300,bloqueo,74
1430,52.334,bloqueo,74
1431,52.367,bloqueo,74
1432,52.401,bloqueo,74
1433,52.434,bloqueo,74
1434,52.469,bloqueo,74
1435,52.502,bloqueo,74
1436,52.536,bloqueo,74
1437,52.570,bloqueo,74
1438,52.603,bloqueo,74
1439,52.637,bloqueo,74
1440,52.673,bloqueo,74
1441,52.716,bloqueo,74
1442,52.750,bloqueo,74
1443,52.785,bloqueo,74
1444,52.819,bloqueo,74
1445,52.852,bloqueo,74
1446,52.886,bloqueo,74
1447,52.920,bloqueo,74
1448,52.953,bloqueo,74
1449,52.987,bloqueo,74
1450,53.020,bloqueo,74
1451,53.054,bloqueo,74
1452,53.088,bloqueo,74
1453,53.121,bloqueo,74
1454,53.154,bloqueo,74
1455,53.188,bloqueo,74
1456,53.222,bloqueo,74
1457,53.255,bloqueo,74
1458,53.299,bloqueo,74
1459,53.332,bloqueo,74
1460,53.366,bloqueo,74
1461,53.401,bloqueo,74
1462,53.434,bloqueo,74
1463,53.468,bloqueo,74
1464,53.501,bloqueo,74
1465,53.535,bloqueo,74
1466,53.569,bloqueo,74
1467,53.602,bloqueo,74
1468,53.636,bloqueo,74
1469,53.669,bloqueo,74
1470,53.703,bloqueo,74
1471,53.737,bloqueo,74
1472,53.770,bloqueo,74
1473,53.804,bloqueo,74
1474,53.838,bloqueo,74
1475,53.871,bloqueo,74
1476,53.905,bloqueo,74
1477,53.938,bloqueo,74
1478,53.972,bloqueo,74
1479,54.016,bloqueo,74
1480,54.050,bloqueo,74
1481,54.084,bloqueo,74
1482,54.117,bloqueo,74
1483,54.151,bloqueo,74
1484,54.185,bloqueo,74
1485,54.219,bloqueo,74
1486,54.252,bloqueo,74
1487,54.286,bloqueo,74
1488,54.319,bloqueo,74
1489,54.353,bloqueo,74
1490,54.386,bloqueo,74
1491,54.420,bloqueo,74
1492,54.453,bloqueo,74
1493,54.487,bloqueo,74
1494,54.521,bloqueo,74
1495,54.554,bloqueo,74
1496,54.588,bloqueo,74
1497,54.622,bloqueo,74
1498,54.655,bloqueo,74
1499,54.701,bloqueo,74
1500,54.734,bloqueo,74
1501,54.768,bloqueo,74
1502,54.802,bloqueo,74
1503,54.835,bloqueo,74
1504,54.869,bloqueo,74
1505,54.902,bloqueo,74
1506,54.936,bloqueo,74
1507,54.970,bloqueo,73
1508,55.003,bloqueo,73
1509,55.037,bloqueo,73
1510,55.070,bloqueo,73
1511,55.104,bloqueo,73
1512,55.138,bloqueo,73
1513,55.171,bloqueo,73
1514,55.205,bloqueo,73
1515,55.249,bloqueo,73
1516,55.283,bloqueo,73
1517,55.317,bloqueo,73
1518,55.351,bloqueo,73
1519,55.384,bloqueo,73
1520,55.418,bloqueo,73
1521,55.451,bloqueo,73
1522,55.485,bloqueo,73
1523,55.518,bloqueo,73
1524,55.552,bloqueo,73
1525,55.586,bloqueo,73
1526,55.619,bloqueo,73
1527,55.653,bloqueo,73
1528,55.686,bloqueo,73
1529,55.720,bloqueo,73
1530,55.753,bloqueo,73
1531,55.787,bloqueo,73
1532,55.821,bloqueo,73
1533,55.855,bloqueo,73
1534,55.889,bloqueo,73
1535,55.933,bloqueo,73
1536,55.968,bloqueo,73
1537,56.001,bloqueo,73
1538,56.035,bloqueo,73
1539,56.068,bloqueo,73
1540,56.102,bloqueo,73
1541,56.136,bloqueo,73
1542,56.169,bloqueo,73
1543,56.203,bloqueo,73
1544,56.237,bloqueo,73
1545,56.270,bloqueo,73
1546,56.304,bloqueo,73
1547,56.337,bloqueo,73
1548,56.371,bloqueo,73
1549,56.405,bloqueo,73
1550,56.438,bloqueo,73
1551,56.472,bloqueo,73
1552,56.516,bloqueo,73
1553,56.550,bloqueo,73
1554,56.584,bloqueo,73
1555,56.618,bloqueo,73
1556,56.652,bloqueo,73
1557,56.685,bloqueo,73
1558,56.719,bloqueo,73
1559,56.753,bloqueo,73
1560,56.786,bloqueo,73
1561,56.820,bloqueo,73
1562,56.853,bloqueo,73
1563,56.887,bloqueo,73
1564,56.921,bloqueo,73
1565,56.954,bloqueo,73
1566,56.988,bloqueo,73
1567,57.022,bloqueo,73
1568,57.055,bloqueo,73
1569,57.099,bloqueo,73
1570,57.133,bloqueo,73
1571,57.166,bloqueo,73
1572,57.200,bloqueo,73
1573,57.234,bloqueo,73
1574,57.267,bloqueo,73
1575,57.301,bloqueo,73
1576,57.334,bloqueo,73
1577,57.368,bloqueo,73
1578,57.401,bloqueo,73
1579,57.435,bloqueo,73
1580,57.468,bloqueo,73
1581,57.507,bloqueo,73
1582,57.569,bloqueo,73
1583,57.603,bloqueo,73
1584,57.637,bloqueo,73
1585,57.670,bloqueo,73
1586,57.704,bloqueo,73
1587,57.738,bloqueo,73
1588,57.771,bloqueo,73
1589,57.805,bloqueo,73
1590,57.839,bloqueo,72
1591,57.883,bloqueo,72
1592,57.916,bloqueo,72
1593,57.950,bloqueo,72
1594,57.984,bloqueo,72
1595,58.018,bloqueo,72
1596,58.051,bloqueo,72
1597,58.085,bloqueo,72
1598,58.119,bloqueo,72
1599,58.152,bloqueo,72
1600,58.186,bloqueo,72
1601,58.220,bloqueo,72
1602,58.271,bloqueo,72
1603,58.305,bloqueo,72
1604,58.350,bloqueo,72
1605,58.384,bloqueo,72
1606,58.418,bloqueo,72
1607,58.452,bloqueo,72
1608,58.485,bloqueo,72
1609,58.519,bloqueo,72
1610,58.553,bloqueo,72
1611,58.586,bloqueo,72
1612,58.620,bloqueo,72
1613,58.653,bloqueo,72
1614,58.687,bloqueo,72
1615,58.720,bloqueo,72
1616,58.754,bloqueo,72
1617,58.787,bloqueo,72
1618,58.821,bloqueo,72
1619,58.854,bloqueo,72
1620,58.888,bloqueo,72
1621,58.922,bloqueo,72
1622,58.955,bloqueo,72
1623,59.000,bloqueo,72
1624,59.034,bloqueo,72
1625,59.067,bloqueo,72
1626,59.100,bloqueo,72
1627,59.134,bloqueo,72
1628,59.168,bloqueo,72
1629,59.201,bloqueo,72
1630,59.235,bloqueo,72
1631,59.268,bloqueo,72
1632,59.302,bloqueo,72
1633,59.336,bloqueo,72
1634,59.369,bloqueo,72
1635,59.403,bloqueo,72
1636,59.437,bloqueo,72
1637,59.470,bloqueo,72
1638,59.504,bloqueo,72
1639,59.537,bloqueo,72
1640,59.571,bloqueo,72
1641,59.604,bloqueo,73
1642,59.638,bloqueo,74
1643,59.672,bloqueo,74
1644,59.705,bloqueo,75
1645,59.749,bloqueo,75
1646,59.784,bloqueo,75
1647,59.818,bloqueo,75
1648,59.851,bloqueo,75
1649,59.885,bloqueo,75
1650,59.919,bloqueo,75
1651,59.952,bloqueo,75
1652,59.986,bloqueo,75
1653,60.020,bloqueo,75
1654,60.053,bloqueo,75
1655,60.087,bloqueo,75
1656,60.121,bloqueo,75
1657,60.154,bloqueo,75
1658,60.188,bloqueo,75
1659,60.221,bloqueo,75
1660,60.255,bloqueo,75
1661,60.288,bloqueo,75
1662,60.322,bloqueo,75
1663,60.356,bloqueo,75
1664,60.400,bloqueo,75
1665,60.434,bloqueo,75
1666,60.467,bloqueo,75
1667,60.501,bloqueo,75
1668,60.534,bloqueo,75
1669,60.568,bloqueo,75
1670,60.602,bloqueo,75
1671,60.635,bloqueo,75
1672,60.669,bloqueo,75
1673,60.702,bloqueo,75
1674,60.736,bloqueo,75
1675,60.769,bloqueo,75
1676,60.803,bloqueo,75
1677,60.836,bloqueo,75
1678,60.870,bloqueo,75
1679,60.904,bloqueo,75
1680,60.937,bloqueo,75
1681,60.971,bloqueo,75
1682,61.005,bloqueo,75
1683,61.038,bloqueo,75
1684,61.072,bloqueo,75
1685,61.106,bloqueo,75
1686,61.149,bloqueo,75
1687,61.183,bloqueo,75
1688,61.217,bloqueo,75
1689,61.250,bloqueo,75
1690,61.284,bloqueo,75
1691,61.318,bloqueo,74
1692,61.351,bloqueo,74
1693,61.385,bloqueo,74
1694,61.418,bloqueo,74
1695,61.452,bloqueo,74
1696,61.486,bloqueo,74
1697,61.520,bloqueo,74
1698,61.553,bloqueo,74
1699,61.587,bloqueo,74
1700,61.621,bloqueo,74
1701,61.654,bloqueo,74
1702,61.688,bloqueo,74
1703,61.721,bloqueo,74
1704,61.755,bloqueo,74
1705,61.788,bloqueo,74
1706,61.822,bloqueo,74
1707,61.855,bloqueo,74
1708,61.889,bloqueo,74
1709,61.932,bloqueo,74
1710,61.966,bloqueo,74
1711,62.000,bloqueo,74
1712,62.034,bloqueo,74
1713,62.068,bloqueo,74
1714,62.101,bloqueo,74
1715,62.135,bloqueo,74
1716,62.168,bloqueo,74
1717,62.202,bloqueo,74
1718,62.236,bloqueo,74
1719,62.270,bloqueo,74
1720,62.303,bloqueo,74
1721,62.337,bloqueo,74
1722,62.371,bloqueo,74
1723,62.405,bloqueo,74
1724,62.438,bloqueo,74
1725,62.472,bloqueo,74
1726,62.515,bloqueo,74
1727,62.549,bloqueo,74
1728,62.583,bloqueo,74
1729,62.616,bloqueo,74
1730,62.650,bloqueo,74
1731,62.684,bloqueo,74
1732,62.718,bloqueo,74
1733,62.751,bloqueo,74
1734,62.785,bloqueo,74
1735,62.818,bloqueo,74
1736,62.852,bloqueo,74
1737,62.886,bloqueo,74
1738,62.919,bloqueo,74
1739,62.953,bloqueo,74
1740,62.987,bloqueo,74
1741,63.020,bloqueo,74
1742,63.054,bloqueo,74
1743,63.088,bloqueo,74
1744,63.121,bloqueo,74
1745,63.155,bloqueo,74
1746,63.189,bloqueo,74
1747,63.222,bloqueo,74
1748,63.266,bloqueo,74
1749,63.300,bloqueo,74
1750,63.333,bloqueo,74
1751,63.367,bloqueo,74
1752,63.401,bloqueo,74
1753,63.435,bloqueo,74
1754,63.468,bloqueo,74
1755,63.502,bloqueo,74
1756,63.535,bloqueo,74
1757,63.569,bloqueo,74
1758,63.603,bloqueo,74
1759,63.636,bloqueo,74
1760,63.670,bloqueo,74
1761,63.704,bloqueo,74
1762,63.737,bloqueo,74
1763,63.771,bloqueo,74
1764,63.805,bloqueo,74
1765,63.838,bloqueo,74
1766,63.872,bloqueo,74
1767,63.906,bloqueo,74
1768,63.951,bloqueo,74
1769,63.984,bloqueo,74
1770,64.018,bloqueo,74
1771,64.052,bloqueo,74
1772,64.085,bloqueo,74
1773,64.118,bloqueo,74
1774,64.152,bloqueo,74
1775,64.186,bloqueo,73
1776,64.219,bloqueo,73
1777,64.253,bloqueo,73
1778,64.287,bloqueo,73
1779,64.320,bloqueo,73
1780,64.354,bloqueo,73
1781,64.387,bloqueo,73
1782,64.420,bloqueo,73
1783,64.454,bloqueo,73
1784,64.488,bloqueo,73
1785,64.522,bloqueo,73
1786,64.567,bloqueo,73
1787,64.601,bloqueo,73
1788,64.634,bloqueo,73
1789,64.668,bloqueo,73
1790,64.701,bloqueo,73
1791,64.735,bloqueo,73
1792,64.768,bloqueo,73
1793,64.802,bloqueo,73
1794,64.836,bloqueo,73
1795,64.869,bloqueo,73
1796,64.903,bloqueo,73
1797,64.937,bloqueo,73
1798,64.970,bloqueo,73
1799,65.004,bloqueo,73
1800,65.038,bloqueo,73
1801,65.071,bloqueo,73
1802,65.105,bloqueo,73
1803,65.139,bloqueo,73
1804,65.172,bloqueo,73
1805,65.216,bloqueo,73
1806,65.250,bloqueo,73
1807,65.283,parry,73
1808,65.317,parry,73
1809,65.351,parry,73
1810,65.385,parry,73
1811,65.418,parry,73
1812,65.452,parry,73
1813,65.486,parry,73
1814,65.520,parry,73
1815,65.554,parry,73
1816,65.587,parry,73
1817,65.621,parry,73
1818,65.654,parry,73
1819,65.687,parry,73
1820,65.721,parry,73
1821,65.754,parry,73
1822,65.788,parry,73
1823,65.832,parry,73
1824,65.868,parry,73
1825,65.902,parry,73
1826,65.935,parry,73
1827,65.969,parry,73
1828,66.003,parry,73
1829,66.036,parry,73
1830,66.070,parry,73
1831,66.104,parry,73
1832,66.137,parry,73
1833,66.171,parry,73
1834,66.205,parry,73
1835,66.238,parry,73
1836,66.272,parry,73
1837,66.306,parry,73
1838,66.348,parry,73
1839,66.382,parry,73
1840,66.416,parry,73
1841,66.450,parry,73
1842,66.484,parry,73
1843,66.518,parry,73
1844,66.551,parry,73
1845,66.585,parry,73
1846,66.619,parry,73
1847,66.652,parry,73
1848,66.686,parry,73
1849,66.720,parry,73
1850,66.753,parry,73
1851,66.787,parry,73
1852,66.821,parry,73
1853,66.854,parry,73
1854,66.888,parry,73
1855,66.922,parry,73
1856,66.956,parry,73
1857,67.000,parry,73
1858,67.033,parry,73
1859,67.068,parry,73
1860,67.102,parry,73
1861,67.135,parry,73
1862,67.169,parry,73
1863,67.202,parry,73
1864,67.240,parry,73
1865,67.307,parry,73
1866,67.374,parry,73
1867,67.423,parry,73
1868,67.470,parry,73
1869,67.504,parry,73
1870,67.538,parry,73
1871,67.572,parry,73
1872,67.606,parry,73
1873,67.655,parry,73
1874,67.702,parry,73
1875,67.737,parry,72
1876,67.772,parry,72
1877,67.805,parry,72
1878,67.850,parry,72
1879,67.884,parry,72
1880,67.918,parry,72
1881,67.952,parry,72
1882,67.986,parry,72
1883,68.019,parry,72
1884,68.053,parry,72
1885,68.086,parry,72
1886,68.120,parry,72
1887,68.153,parry,72
1888,68.187,parry,72
1889,68.221,parry,72
1890,68.255,parry,72
1891,68.288,parry,72
1892,68.322,parry,72
1893,68.367,parry,72
1894,68.400,parry,72
1895,68.434,parry,72
1896,68.468,parry,72
1897,68.502,parry,72
1898,68.535,parry,72
1899,68.569,parry,72
1900,68.602,parry,72
1901,68.636,parry,72
1902,68.670,parry,72
1903,68.703,parry,72
1904,68.737,parry,72
1905,68.771,parry,72
1906,68.805,parry,72
1907,68.838,parry,72
1908,68.872,parry,72
1909,68.905,parry,72
1910,68.939,parry,72
1911,68.983,parry,72
1912,69.016,parry,72
1913,69.050,parry,72
1914,69.084,parry,72
1915,69.118,parry,72
1916,69.151,parry,72
1917,69.185,parry,72
1918,69.218,parry,72
1919,69.252,parry,72
1920,69.286,parry,72
1921,69.319,parry,72
1922,69.353,parry,72
1923,69.386,parry,72
1924,69.420,parry,72
1925,69.453,parry,72
1926,69.487,parry,72
1927,69.521,parry,72
1928,69.554,parry,72
1929,69.588,parry,73
1930,69.621,parry,74
1931,69.656,parry,74
1932,69.699,parry,75
1933,69.735,parry,75
1934,69.769,parry,75
1935,69.803,parry,75
1936,69.836,parry,75
1937,69.870,parry,75
1938,69.903,parry,75
1939,69.937,parry,75
1940,69.970,parry,75
1941,70.004,parry,75
1942,70.038,parry,75
1943,70.071,parry,75
1944,70.105,parry,75
1945,70.139,parry,75
1946,70.172,parry,75
1947,70.214,parry,75
1948,70.248,parry,75
1949,70.283,parry,75
1950,70.317,parry,75
1951,70.350,parry,75
1952,70.384,parry,75
1953,70.417,parry,75
1954,70.451,parry,75
1955,70.485,parry,75
1956,70.519,parry,75
1957,70.552,parry,75
1958,70.586,parry,75
1959,70.619,parry,75
1960,70.653,parry,75
1961,70.686,parry,75
1962,70.720,parry,75
1963,70.754,parry,75
1964,70.787,parry,75
1965,70.821,parry,75
1966,70.854,parry,75
1967,70.888,parry,75
1968,70.922,parry,75
1969,70.956,parry,75
1970,71.000,parry,75
1971,71.034,parry,75
1972,71.067,parry,75
1973,71.101,parry,75
1974,71.135,parry,75
1975,71.169,parry,75
1976,71.202,parry,75
1977,71.236,parry,75
1978,71.269,parry,75
1979,71.303,parry,75
1980,71.337,parry,75
1981,71.371,parry,75
1982,71.405,parry,75
1983,71.439,parry,75
1984,71.483,parry,75
1985,71.517,parry,75
1986,71.551,parry,75
1987,71.585,parry,75
1988,71.618,parry,75
1989,71.652,parry,75
1990,71.686,parry,75
1991,71.720,parry,75
1992,71.754,parry,75
1993,71.787,parry,75
1994,71.821,parry,75
1995,71.855,parry,75
1996,71.888,parry,75
1997,71.922,parry,75
1998,71.955,parry,75
1999,71.989,parry,75
2000,72.031,parry,75
2001,72.065,parry,75
2002,72.100,parry,75
2003,72.133,parry,75
2004,72.167,parry,75
2005,72.201,parry,75
2006,72.234,parry,75
2007,72.268,parry,75
2008,72.302,parry,75
2009,72.335,parry,75
2010,72.369,parry,75
2011,72.403,parry,75
2012,72.437,parry,75
2013,72.470,parry,75
2014,72.504,parry,75
2015,72.538,parry,74
2016,72.572,parry,74
2017,72.605,parry,74
2018,72.639,parry,74
2019,72.683,parry,74
2020,72.716,parry,74
2021,72.751,parry,74
2022,72.785,parry,74
2023,72.818,parry,74
2024,72.852,parry,74
2025,72.886,parry,74
2026,72.919,parry,74
2027,72.953,parry,74
2028,72.986,parry,74
2029,73.020,parry,74
2030,73.054,parry,74
2031,73.087,parry,74
2032,73.121,parry,74
2033,73.154,parry,74
2034,73.188,parry,74
2035,73.222,parry,74
2036,73.255,parry,74
2037,73.289,parry,74
2038,73.322,parry,74
2039,73.366,parry,74
2040,73.400,parry,74
2041,73.433,parry,74
2042,73.467,parry,74
2043,73.501,parry,74
2044,73.534,parry,74
2045,73.568,parry,74
2046,73.601,parry,74
2047,73.635,parry,74
2048,73.669,parry,74
2049,73.703,parry,74
2050,73.736,parry,74
2051,73.770,parry,74
2052,73.804,parry,74
2053,73.837,parry,74
2054,73.871,parry,74
2055,73.904,parry,74
2056,73.938,parry,74
2057,73.972,parry,74
2058,74.005,parry,74
2059,74.049,parry,74
2060,74.083,parry,74
2061,74.117,parry,74
2062,74.151,parry,74
2063,74.184,parry,74
2064,74.218,parry,74
2065,74.252,parry,74
2066,74.286,parry,74
2067,74.319,parry,74
2068,74.353,parry,74
2069,74.387,parry,74
2070,74.420,parry,74
2071,74.454,parry,74
2072,74.488,parry,74
2073,74.522,parry,74
2074,74.555,parry,74
2075,74.589,parry,74
2076,74.622,parry,74
2077,74.656,parry,74
2078,74.699,parry,74
2079,74.734,parry,74
2080,74.768,parry,74
2081,74.802,parry,74
2082,74.836,parry,74
2083,74.869,parry,74
2084,74.903,parry,74
2085,74.937,parry,74
2086,74.970,parry,74
2087,75.004,parry,74
2088,75.037,parry,74
2089,75.071,parry,74
2090,75.105,parry,74
2091,75.138,parry,74
2092,75.172,parry,74
2093,75.205,parry,74
2094,75.239,parry,74
2095,75.272,parry,74
2096,75.306,parry,74
2097,75.350,parry,74
2098,75.384,parry,74
2099,75.417,parry,74
2100,75.451,parry,74
2101,75.485,parry,74
2102,75.518,parry,74
2103,75.552,parry,74
2104,75.586,parry,74
2105,75.619,parry,74
2106,75.653,parry,74
2107,75.686,parry,74
2108,75.720,parry,74
2109,75.753,parry,74
2110,75.787,parry,74
2111,75.820,parry,74
2112,75.854,parry,74
2113,75.888,parry,74
2114,75.921,parry,74
2115,75.955,parry,74
2116,75.988,parry,74
2117,76.022,parry,74
2118,76.067,parry,74
2119,76.101,parry,74
2120,76.136,parry,74
2121,76.170,parry,74
2122,76.203,parry,74
2123,76.237,parry,74
2124,76.271,parry,74
2125,76.304,parry,74
2126,76.338,parry,74
2127,76.372,parry,74
2128,76.406,parry,74
2129,76.450,parry,74
2130,76.484,parry,74
2131,76.517,parry,74
2132,76.551,parry,74
2133,76.585,parry,74
2134,76.619,parry,74
2135,76.652,parry,74
2136,76.686,parry,74
2137,76.720,parry,74
2138,76.753,parry,74
2139,76.787,parry,74
2140,76.835,parry,74
2141,76.869,parry,74
2142,76.905,parry,74
2143,76.952,parry,74
2144,76.988,parry,74
2145,77.034,parry,74
2146,77.069,parry,74
2147,77.103,parry,74
2148,77.136,parry,74
2149,77.171,parry,74
2150,77.204,parry,74
2151,77.258,parry,74
2152,77.322,parry,74
2153,77.356,parry,73
2154,77.406,parry,73
2155,77.457,parry,73
2156,77.501,parry,73
2157,77.534,parry,73
2158,77.568,parry,73
2159,77.601,parry,73
2160,77.635,parry,73
2161,77.669,parry,73
2162,77.703,parry,73
2163,77.737,parry,73
2164,77.771,parry,73
2165,77.804,parry,73
2166,77.838,parry,73
2167,77.872,parry,73
2168,77.905,parry,73
2169,77.939,parry,73
2170,77.983,parry,73
2171,78.017,parry,73
2172,78.051,parry,73
2173,78.084,parry,73
2174,78.118,parry,73
2175,78.152,parry,73
2176,78.186,parry,73
2177,78.220,parry,73
2178,78.253,parry,73
2179,78.287,parry,73
2180,78.321,parry,73
2181,78.354,parry,73
2182,78.388,parry,73
2183,78.421,parry,73
2184,78.455,parry,73
2185,78.489,parry,73
2186,78.523,parry,73
2187,78.567,parry,73
2188,78.601,parry,73
2189,78.635,parry,73
2190,78.669,parry,73
2191,78.703,parry,73
2192,78.737,parry,73
2193,78.770,parry,73
2194,78.804,parry,73
2195,78.837,parry,73
2196,78.871,parry,73
2197,78.904,parry,73
2198,78.938,parry,73
2199,78.972,parry,73
2200,79.005,parry,73
2201,79.039,parry,73
2202,79.084,parry,73
2203,79.117,parry,73
2204,79.152,parry,73
2205,79.186,parry,73
2206,79.219,parry,73
2207,79.252,parry,73
2208,79.286,parry,73
2209,79.319,parry,73
2210,79.353,parry,73
2211,79.387,parry,73
2212,79.421,parry,73
2213,79.455,parry,73
2214,79.488,parry,73
2215,79.521,parry,73
2216,79.555,parry,73
2217,79.588,parry,74
2218,79.622,parry,74
2219,79.656,parry,75
2220,79.701,parry,75
2221,79.735,parry,75
2222,79.769,parry,75
2223,79.802,parry,75
2224,79.836,parry,75
2225,79.869,parry,75
2226,79.903,parry,75
2227,79.936,parry,75
2228,79.970,parry,75
2229,80.004,parry,75
2230,80.037,parry,75
2231,80.071,parry,75
2232,80.105,parry,75
2233,80.138,parry,75
2234,80.171,parry,75
2235,80.205,parry,75
2236,80.239,parry,75
2237,80.283,parry,75
2238,80.317,parry,75
2239,80.350,parry,75
2240,80.384,parry,75
2241,80.418,parry,75
2242,80.452,parry,75
2243,80.485,parry,75
2244,80.519,parry,75
2245,80.553,parry,75
2246,80.586,parry,75
2247,80.620,parry,75
2248,80.653,parry,75
2249,80.687,parry,75
2250,80.721,parry,75
2251,80.755,parry,75
2252,80.788,parry,75
2253,80.822,parry,75
2254,80.856,parry,75
2255,80.899,parry,75
2256,80.936,parry,75
2257,80.970,parry,75
2258,81.003,parry,75
2259,81.037,parry,75
2260,81.070,parry,75
2261,81.104,parry,75
2262,81.137,parry,75
2263,81.171,parry,75
2264,81.204,parry,75
2265,81.238,parry,75
2266,81.271,parry,75
2267,81.305,parry,75
2268,81.339,parry,75
2269,81.372,parry,75
2270,81.416,parry,75
2271,81.449,parry,75
2272,81.483,parry,75
2273,81.517,parry,75
2274,81.551,parry,75
2275,81.584,parry,75
2276,81.618,parry,75
2277,81.652,parry,75
2278,81.685,parry,75
2279,81.719,parry,75
2280,81.753,parry,75
2281,81.786,parry,75
2282,81.820,parry,75
2283,81.853,parry,75
2284,81.887,parry,75
2285,81.921,parry,75
2286,81.955,parry,75
2287,81.988,parry,75
2288,82.022,parry,75
2289,82.055,parry,75
2290,82.089,parry,75
2291,82.133,parry,75
2292,82.167,parry,75
2293,82.201,parry,75
2294,82.235,parry,74
2295,82.268,parry,74
2296,82.302,parry,74
2297,82.336,parry,74
2298,82.369,parry,74
2299,82.403,parry,74
2300,82.436,parry,74
2301,82.470,parry,74
2302,82.504,parry,74
2303,82.537,parry,74
2304,82.571,parry,74
2305,82.605,parry,74
2306,82.638,parry,74
2307,82.672,parry,74
2308,82.706,parry,74
2309,82.749,parry,74
2310,82.783,parry,74
2311,82.818,parry,74
2312,82.851,parry,74
2313,82.886,parry,74
2314,82.920,parry,74
2315,82.953,parry,74
2316,82.987,parry,74
2317,83.021,parry,74
2318,83.054,parry,74
2319,83.088,parry,74
2320,83.121,parry,74
2321,83.155,parry,74
2322,83.189,parry,74
2323,83.223,parry,74
2324,83.265,parry,74
2325,83.301,parry,74
2326,83.335,parry,74
2327,83.368,parry,74
2328,83.402,parry,74
2329,83.436,parry,74
2330,83.470,parry,74
2331,83.503,parry,74
2332,83.537,parry,74
2333,83.570,parry,74
2334,83.604,parry,74
2335,83.638,parry,74
2336,83.672,parry,74
2337,83.705,parry,74
2338,83.750,parry,74
2339,83.784,parry,74
2340,83.818,parry,74
2341,83.852,parry,74
2342,83.886,parry,74
2343,83.919,parry,74
2344,83.953,parry,74
2345,83.986,parry,74
2346,84.020,parry,74
2347,84.054,parry,74
2348,84.087,parry,74
2349,84.121,parry,74
2350,84.155,parry,74
2351,84.188,parry,74
2352,84.222,parry,74
2353,84.255,parry,74
2354,84.289,parry,74
2355,84.332,parry,74
2356,84.367,parry,74
2357,84.400,parry,74
2358,84.434,parry,74
2359,84.468,parry,74
2360,84.502,parry,74
2361,84.535,parry,74
2362,84.568,parry,74
2363,84.602,parry,74
2364,84.635,parry,74
2365,84.669,parry,74
2366,84.703,parry,74
2367,84.736,parry,74
2368,84.770,parry,74
2369,84.804,parry,74
2370,84.838,parry,74
2371,84.871,parry,74
2372,84.905,parry,74
2373,84.938,parry,74
2374,84.972,parry,74
2375,85.005,parry,74
2376,85.039,parry,74
2377,85.072,parry,74
2378,85.117,parry,74
2379,85.150,parry,74
2380,85.184,parry,74
2381,85.217,parry,74
2382,85.251,parry,74
2383,85.285,parry,74
2384,85.318,parry,74
2385,85.352,parry,74
2386,85.386,parry,74
2387,85.420,parry,74
2388,85.454,parry,74
2389,85.488,parry,74
2390,85.522,parry,74
2391,85.555,parry,74
2392,85.589,parry,74
2393,85.622,parry,74
2394,85.656,parry,74
2395,85.698,parry,74
2396,85.734,parry,74
2397,85.768,parry,74
2398,85.802,parry,74
2399,85.836,parry,74
2400,85.869,parry,74
2401,85.903,parry,74
2402,85.937,parry,74
2403,85.970,parry,74
2404,86.004,parry,74
2405,86.037,parry,74
2406,86.071,parry,74
2407,86.105,parry,74
2408,86.138,parry,74
2409,86.172,parry,74
2410,86.205,parry,74
2411,86.239,parry,74
2412,86.283,parry,74
2413,86.317,parry,74
2414,86.350,parry,74
2415,86.384,parry,74
2416,86.418,parry,74
2417,86.451,parry,74
2418,86.485,parry,74
2419,86.518,parry,74
2420,86.552,parry,74
2421,86.585,parry,74
2422,86.619,parry,74
2423,86.652,parry,74
2424,86.686,parry,74
2425,86.719,parry,74
2426,86.753,parry,74
2427,86.787,parry,74
2428,86.820,parry,74
2429,86.854,parry,74
2430,86.888,parry,74
2431,86.921,parry,74
2432,86.954,parry,74
2433,86.988,parry,74
2434,87.021,parry,74
2435,87.055,parry,74
2436,87.089,parry,73
2437,87.122,parry,73
2438,87.156,parry,73
2439,87.200,parry,73
2440,87.234,parry,73
2441,87.268,parry,73
2442,87.301,parry,73
2443,87.335,parry,73
2444,87.369,parry,73
2445,87.402,parry,73
2446,87.436,parry,73
2447,87.470,parry,73
2448,87.503,parry,73
2449,87.537,parry,73
2450,87.571,parry,73
2451,87.605,parry,73
2452,87.638,parry,73
2453,87.672,parry,73
2454,87.706,parry,73
2455,87.750,parry,73
2456,87.785,parry,73
2457,87.818,parry,73
2458,87.852,parry,73
2459,87.886,parry,73
2460,87.919,parry,73
2461,87.953,parry,73
2462,87.987,parry,73
2463,88.021,parry,73
2464,88.054,parry,73
2465,88.088,parry,73
2466,88.121,parry,73
2467,88.155,parry,73
2468,88.189,parry,73
2469,88.222,parry,73
2470,88.256,parry,73
2471,88.289,parry,73
2472,88.335,parry,73
2473,88.368,parry,73
2474,88.402,parry,73
2475,88.436,parry,73
2476,88.469,parry,73
2477,88.503,parry,73
2478,88.537,parry,73
2479,88.570,parry,73
2480,88.604,parry,73
2481,88.638,parry,73
2482,88.671,parry,73
2483,88.705,parry,73
2484,88.738,parry,73
2485,88.772,parry,73
2486,88.806,parry,73
2487,88.839,parry,73
2488,88.884,parry,73
2489,88.917,parry,73
2490,88.952,parry,73
2491,88.987,parry,73
2492,89.020,parry,73
2493,89.054,parry,73
2494,89.087,parry,73
2495,89.121,parry,73
2496,89.155,parry,73
2497,89.189,parry,73
2498,89.222,parry,73
2499,89.256,parry,73
2500,89.300,parry,73
2501,89.334,parry,73
2502,89.368,parry,73
2503,89.401,parry,73
2504,89.435,parry,73
2505,89.469,parry,73
2506,89.502,parry,73
2507,89.536,parry,73
2508,89.569,parry,74
2509,89.603,parry,74
2510,89.637,parry,75
2511,89.670,parry,75
2512,89.704,parry,75
2513,89.737,parry,75
2514,89.771,parry,75
2515,89.805,parry,75
2516,89.838,parry,75
2517,89.871,parry,75
2518,89.905,parry,75
2519,89.939,parry,74
2520,89.972,parry,74
2521,90.006,parry,74
2522,90.051,parry,74
2523,90.085,parry,74
2524,90.119,parry,74
2525,90.153,parry,74
2526,90.187,parry,74
2527,90.221,parry,74
2528,90.254,parry,74
2529,90.288,parry,74
2530,90.321,parry,74
2531,90.355,parry,74
2532,90.389,parry,74
2533,90.422,parry,74
2534,90.456,parry,74
2535,90.501,parry,74
2536,90.535,parry,74
2537,90.568,parry,74
2538,90.602,parry,74
2539,90.636,parry,74
2540,90.670,parry,74
2541,90.703,parry,74
2542,90.737,parry,74
2543,90.771,parry,74
2544,90.805,parry,74
2545,90.838,parry,74
2546,90.871,parry,74
2547,90.905,parry,74
2548,90.939,parry,74
2549,90.972,parry,74
2550,91.006,parry,74
2551,91.049,parry,74
2552,91.084,parry,74
2553,91.118,parry,74
2554,91.152,parry,74
2555,91.185,parry,74
2556,91.218,parry,74
2557,91.252,parry,74
2558,91.286,parry,74
2559,91.320,parry,74
2560,91.353,parry,74
2561,91.387,parry,74
2562,91.421,parry,74
2563,91.454,parry,74
2564,91.488,parry,74
2565,91.522,parry,74
2566,91.555,parry,74
2567,91.589,parry,74
2568,91.622,parry,74
2569,91.656,parry,74
2570,91.699,parry,74
2571,91.733,parry,74
2572,91.767,parry,74
2573,91.801,parry,74
2574,91.835,parry,74
2575,91.869,parry,74
2576,91.902,parry,74
2577,91.936,parry,74
2578,91.970,parry,74
2579,92.003,parry,74
2580,92.037,parry,74
2581,92.070,parry,74
2582,92.104,parry,74
2583,92.138,parry,74
2584,92.171,parry,74
2585,92.205,parry,74
2586,92.238,parry,74
2587,92.272,parry,74
2588,92.306,parry,74
2589,92.339,parry,74
2590,92.382,parry,74
2591,92.417,parry,74
2592,92.450,parry,74
2593,92.485,parry,74
2594,92.519,parry,74
2595,92.552,parry,74
2596,92.586,parry,74
2597,92.619,parry,74
2598,92.653,parry,74
2599,92.687,parry,74
2600,92.720,parry,74
2601,92.754,parry,74
2602,92.788,parry,74
2603,92.822,parry,74
2604,92.855,parry,74
2605,92.889,parry,74
2606,92.923,parry,74
2607,92.966,parry,74
2608,93.001,parry,74
2609,93.034,parry,74
2610,93.068,parry,74
2611,93.101,parry,74
2612,93.135,parry,74
2613,93.168,parry,74
2614,93.202,parry,74
2615,93.236,parry,74
2616,93.269,parry,74
2617,93.303,parry,74
2618,93.337,parry,74
2619,93.370,parry,74
2620,93.404,parry,74
2621,93.437,parry,74
2622,93.471,parry,74
2623,93.505,parry,74
2624,93.538,parry,74
2625,93.572,parry,74
2626,93.605,parry,74
2627,93.639,parry,74
2628,93.684,parry,74
2629,93.718,parry,74
2630,93.752,parry,74
2631,93.785,parry,74
2632,93.819,parry,74
2633,93.853,parry,74
2634,93.887,parry,74
2635,93.920,parry,74
2636,93.954,parry,74
2637,93.987,parry,74
2638,94.021,parry,74
2639,94.054,parry,74
2640,94.088,parry,74
2641,94.121,parry,74
2642,94.155,parry,73
2643,94.188,parry,73
2644,94.222,parry,73
2645,94.256,parry,73
2646,94.290,parry,73
2647,94.334,parry,73
2648,94.368,parry,73
2649,94.401,parry,73
2650,94.435,parry,73
2651,94.469,parry,73
2652,94.502,parry,73
2653,94.536,parry,73
2654,94.569,parry,73
2655,94.603,parry,73
2656,94.637,parry,73
2657,94.670,parry,73
2658,94.704,parry,73
2659,94.738,parry,73
2660,94.771,parry,73
2661,94.805,parry,73
2662,94.839,parry,73
2663,94.872,parry,73
2664,94.906,parry,73
2665,94.951,parry,73
2666,94.985,parry,73
2667,95.018,parry,73
2668,95.052,parry,73
2669,95.085,parry,73
2670,95.119,parry,73
2671,95.152,parry,73
2672,95.186,parry,73
2673,95.220,parry,73
2674,95.254,parry,73
2675,95.287,parry,73
2676,95.321,parry,73
2677,95.355,parry,73
2678,95.388,parry,73
2679,95.422,parry,73
2680,95.455,parry,73
2681,95.489,parry,73
2682,95.522,parry,73
2683,95.566,parry,73
2684,95.600,parry,73
2685,95.634,parry,73
2686,95.667,parry,73
2687,95.701,parry,73
2688,95.735,parry,73
2689,95.769,parry,73
2690,95.803,parry,73
2691,95.836,parry,73
2692,95.870,parry,73
2693,95.903,parry,73
2694,95.937,parry,73
2695,95.970,parry,73
2696,96.004,parry,73
2697,96.038,parry,73
2698,96.072,parry,73
2699,96.105,parry,73
2700,96.139,parry,73
2701,96.183,parry,73
2702,96.217,parry,73
2703,96.251,parry,73
2704,96.285,parry,73
2705,96.319,parry,73
2706,96.352,parry,73
2707,96.386,parry,73
2708,96.419,parry,73
2709,96.455,parry,73
2710,96.488,parry,73
2711,96.522,parry,73
2712,96.556,parry,73
2713,96.601,parry,73
2714,96.635,parry,73
2715,96.669,parry,73
2716,96.703,parry,73
2717,96.736,parry,73
2718,96.770,parry,73
2719,96.804,parry,73
2720,96.837,parry,73
2721,96.871,parry,73
2722,96.905,parry,73
2723,96.939,parry,73
2724,96.973,parry,73
2725,97.021,parry,73
2726,97.054,parry,73
2727,97.088,parry,73
2728,97.121,parry,73
2729,97.155,parry,73
2730,97.189,parry,73
2731,97.222,parry,73
2732,97.256,parry,73
2733,97.303,parry,73
2734,97.337,parry,73
2735,97.374,potenciado,73
2736,97.440,potenciado,73
2737,97.509,potenciado,73
2738,97.574,potenciado,73
2739,97.623,potenciado,73
2740,97.690,potenciado,73
2741,97.738,potenciado,73
2742,97.772,potenciado,73
2743,97.805,potenciado,73
2744,97.842,potenciado,73
2745,97.887,potenciado,73
2746,97.920,potenciado,73
2747,97.956,potenciado,73
2748,98.005,potenciado,73
2749,98.038,potenciado,73
2750,98.072,potenciado,73
2751,98.106,potenciado,73
2752,98.152,potenciado,73
2753,98.187,potenciado,73
2754,98.220,potenciado,73
2755,98.254,potenciado,73
2756,98.287,potenciado,72
2757,98.321,potenciado,72
2758,98.355,potenciado,72
2759,98.389,potenciado,72
2760,98.435,potenciado,72
2761,98.469,potenciado,72
2762,98.503,potenciado,72
2763,98.537,potenciado,72
2764,98.571,potenciado,72
2765,98.604,potenciado,72
2766,98.638,potenciado,72
2767,98.673,potenciado,72
2768,98.719,potenciado,72
2769,98.753,potenciado,72
2770,98.789,potenciado,72
2771,98.823,potenciado,72
2772,98.868,potenciado,72
2773,98.903,potenciado,72
2774,98.937,potenciado,72
2775,98.971,potenciado,72
2776,99.004,potenciado,72
2777,99.038,potenciado,72
2778,99.072,potenciado,72
2779,99.105,potenciado,72
2780,99.139,potenciado,72
2781,99.185,potenciado,72
2782,99.219,potenciado,72
2783,99.253,potenciado,72
2784,99.286,potenciado,72
2785,99.320,potenciado,72
2786,99.354,potenciado,72
2787,99.387,potenciado,72
2788,99.421,potenciado,72
2789,99.455,potenciado,72
2790,99.488,potenciado,72
2791,99.522,potenciado,72
2792,99.556,potenciado,73
2793,99.589,potenciado,74
2794,99.631,potenciado,74
2795,99.668,potenciado,75
2796,99.702,potenciado,75
2797,99.735,potenciado,75
2798,99.769,potenciado,75
2799,99.802,potenciado,75
2800,99.837,potenciado,75
2801,99.870,potenciado,75
2802,99.904,potenciado,75
2803,99.937,potenciado,75
2804,99.971,potenciado,75
2805,100.004,potenciado,75
2806,100.038,potenciado,75
2807,100.071,potenciado,75
2808,100.105,potenciado,75
2809,100.138,potenciado,75
2810,100.172,potenciado,75
2811,100.206,potenciado,75
2812,100.239,potenciado,75
2813,100.284,potenciado,75
2814,100.318,potenciado,75
2815,100.352,potenciado,75
2816,100.386,potenciado,75
2817,100.419,potenciado,75
2818,100.453,potenciado,75
2819,100.486,potenciado,75
2820,100.520,potenciado,75
2821,100.554,potenciado,75
2822,100.587,potenciado,75
2823,100.621,potenciado,75
2824,100.655,potenciado,75
2825,100.688,potenciado,75
2826,100.722,potenciado,75
2827,100.755,potenciado,75
2828,100.789,potenciado,75
2829,100.833,potenciado,75
2830,100.867,potenciado,75
2831,100.901,potenciado,75
2832,100.934,potenciado,75
2833,100.969,potenciado,75
2834,101.003,potenciado,75
2835,101.036,potenciado,75
2836,101.070,potenciado,75
2837,101.103,potenciado,75
2838,101.137,potenciado,75
2839,101.171,potenciado,75
2840,101.204,potenciado,75
2841,101.238,potenciado,75
2842,101.272,potenciado,75
2843,101.305,potenciado,75
2844,101.339,potenciado,75
2845,101.385,potenciado,75
2846,101.419,potenciado,75
2847,101.453,potenciado,75
2848,101.486,potenciado,75
2849,101.520,potenciado,75
2850,101.553,potenciado,75
2851,101.587,potenciado,75
2852,101.621,potenciado,75
2853,101.655,potenciado,75
2854,101.688,potenciado,75
2855,101.722,potenciado,75
2856,101.756,potenciado,75
2857,101.801,potenciado,75
2858,101.835,potenciado,75
2859,101.868,potenciado,75
2860,101.903,potenciado,75
2861,101.936,potenciado,75
2862,101.970,potenciado,75
2863,102.003,potenciado,75
2864,102.037,potenciado,75
2865,102.070,potenciado,75
2866,102.104,potenciado,75
2867,102.138,potenciado,75
2868,102.171,potenciado,75
2869,102.205,potenciado,75
2870,102.239,potenciado,75
2871,102.272,potenciado,75
2872,102.306,potenciado,75
2873,102.349,potenciado,75
2874,102.384,potenciado,75
2875,102.418,potenciado,75
2876,102.452,potenciado,75
2877,102.486,potenciado,75
2878,102.519,potenciado,75
2879,102.553,potenciado,75
2880,102.586,potenciado,75
2881,102.620,potenciado,75
2882,102.654,potenciado,75
2883,102.688,potenciado,75
2884,102.721,potenciado,75
2885,102.755,potenciado,75
2886,102.788,potenciado,75
2887,102.822,potenciado,75
2888,102.855,potenciado,75
2889,102.889,potenciado,75
2890,102.932,potenciado,75
2891,102.968,potenciado,75
2892,103.002,potenciado,75
2893,103.036,potenciado,75
2894,103.069,potenciado,75
2895,103.103,potenciado,75
2896,103.137,potenciado,74
2897,103.170,potenciado,74
2898,103.204,potenciado,74
2899,103.237,potenciado,74
2900,103.271,potenciado,74
2901,103.305,potenciado,74
2902,103.339,potenciado,74
2903,103.372,potenciado,74
2904,103.406,potenciado,74
2905,103.439,potenciado,74
2906,103.487,potenciado,74
2907,103.520,potenciado,74
2908,103.554,potenciado,74
2909,103.588,potenciado,74
2910,103.622,potenciado,74
2911,103.655,potenciado,74
2912,103.689,potenciado,74
2913,103.733,potenciado,74
2914,103.767,potenciado,74
2915,103.800,potenciado,74
2916,103.834,potenciado,74
2917,103.868,potenciado,74
2918,103.901,potenciado,74
2919,103.935,potenciado,74
2920,103.968,potenciado,74
2921,104.002,potenciado,74
2922,104.036,potenciado,74
2923,104.070,potenciado,74
2924,104.103,potenciado,74
2925,104.137,potenciado,74
2926,104.170,potenciado,74
2927,104.204,potenciado,74
2928,104.238,potenciado,74
2929,104.271,potenciado,74
2930,104.305,potenciado,74
2931,104.338,potenciado,74
2932,104.372,potenciado,74
2933,104.405,potenciado,74
2934,104.439,potenciado,74
2935,104.473,potenciado,74
2936,104.516,potenciado,74
2937,104.550,potenciado,74
2938,104.584,potenciado,74
2939,104.617,potenciado,74
2940,104.651,potenciado,74
2941,104.685,potenciado,74
2942,104.718,potenciado,74
2943,104.752,potenciado,74
2944,104.786,potenciado,74
2945,104.819,potenciado,74
2946,104.853,potenciado,74
2947,104.887,potenciado,74
2948,104.921,potenciado,74
2949,104.954,potenciado,74
2950,104.988,potenciado,74
2951,105.021,potenciado,74
2952,105.055,potenciado,74
2953,105.089,potenciado,74
2954,105.122,potenciado,74
2955,105.156,potenciado,74
2956,105.200,potenciado,74
2957,105.233,potenciado,74
2958,105.267,potenciado,74
2959,105.302,potenciado,74
2960,105.335,potenciado,74
2961,105.369,potenciado,74
2962,105.402,potenciado,74
2963,105.436,potenciado,74
2964,105.470,potenciado,74
2965,105.503,potenciado,74
2966,105.537,potenciado,74
2967,105.570,potenciado,74
2968,105.604,potenciado,74
2969,105.637,potenciado,74
2970,105.671,potenciado,74
2971,105.704,potenciado,74
2972,105.738,potenciado,74
2973,105.772,potenciado,74
2974,105.805,potenciado,74
2975,105.839,potenciado,74
2976,105.872,potenciado,74
2977,105.906,potenciado,74
2978,105.950,potenciado,74
2979,105.984,potenciado,74
2980,106.018,potenciado,73
2981,106.052,potenciado,73
2982,106.086,potenciado,73
2983,106.119,potenciado,73
2984,106.153,potenciado,73
2985,106.187,potenciado,73
2986,106.220,potenciado,73
2987,106.254,potenciado,73
2988,106.287,potenciado,73
2989,106.321,potenciado,73
2990,106.355,potenciado,73
2991,106.389,potenciado,73
2992,106.423,potenciado,73
2993,106.456,potenciado,73
2994,106.501,potenciado,73
2995,106.535,potenciado,73
2996,106.569,potenciado,73
2997,106.602,potenciado,73
2998,106.636,potenciado,73
2999,106.670,potenciado,73
3000,106.703,potenciado,73
3001,106.736,potenciado,73
3002,106.770,potenciado,73
3003,106.803,potenciado,73
3004,106.837,potenciado,73
3005,106.870,potenciado,73
3006,106.904,potenciado,73
3007,106.938,potenciado,73
3008,106.971,potenciado,73
3009,107.005,potenciado,73
3010,107.039,potenciado,73
3011,107.072,potenciado,73
3012,107.106,potenciado,73
3013,107.139,potenciado,73
3014,107.184,potenciado,73
3015,107.218,potenciado,73
3016,107.251,potenciado,73
3017,107.287,potenciado,73
3018,107.321,potenciado,73
3019,107.355,potenciado,73
3020,107.389,potenciado,73
3021,107.422,potenciado,73
3022,107.456,potenciado,73
3023,107.489,potenciado,73
3024,107.522,potenciado,73
3025,107.556,potenciado,73
3026,107.600,potenciado,73
3027,107.634,potenciado,73
3028,107.668,potenciado,73
3029,107.701,potenciado,73
3030,107.735,potenciado,73
3031,107.768,potenciado,73
3032,107.802,potenciado,73
3033,107.836,potenciado,73
3034,107.869,potenciado,73
3035,107.903,potenciado,73
3036,107.937,potenciado,73
3037,107.970,potenciado,73
3038,108.004,potenciado,73
3039,108.038,potenciado,73
3040,108.071,potenciado,73
3041,108.105,potenciado,73
3042,108.139,potenciado,73
3043,108.172,potenciado,73
3044,108.206,potenciado,73
3045,108.240,potenciado,73
3046,108.284,potenciado,73
3047,108.318,potenciado,73
3048,108.353,potenciado,73
3049,108.386,potenciado,73
3050,108.420,potenciado,73
3051,108.453,potenciado,73
3052,108.487,potenciado,73
3053,108.521,potenciado,73
3054,108.555,potenciado,73
3055,108.588,potenciado,73
3056,108.622,potenciado,73
3057,108.655,potenciado,73
3058,108.689,potenciado,73
3059,108.722,potenciado,73
3060,108.756,potenciado,73
3061,108.790,potenciado,73
3062,108.833,potenciado,73
3063,108.867,potenciado,73
3064,108.900,potenciado,73
3065,108.934,potenciado,73
3066,108.968,potenciado,73
3067,109.001,potenciado,73
3068,109.035,potenciado,73
3069,109.068,potenciado,73
3070,109.102,potenciado,73
3071,109.136,potenciado,73
3072,109.169,potenciado,73
3073,109.203,potenciado,73
3074,109.236,potenciado,73
3075,109.270,potenciado,73
3076,109.303,potenciado,73
3077,109.337,potenciado,73
3078,109.371,potenciado,73
3079,109.405,potenciado,73
3080,109.438,potenciado,73
3081,109.472,potenciado,73
3082,109.506,potenciado,73
3083,109.539,potenciado,73
3084,109.573,potenciado,74
3085,109.606,potenciado,75
3086,109.650,potenciado,75
3087,109.684,potenciado,75
3088,109.718,potenciado,75
3089,109.751,potenciado,75
3090,109.785,potenciado,75
3091,109.819,potenciado,75
3092,109.853,potenciado,75
3093,109.886,potenciado,75
3094,109.920,potenciado,75
3095,109.953,potenciado,75
3096,109.987,potenciado,75
3097,110.021,potenciado,75
3098,110.054,potenciado,75
3099,110.088,potenciado,75
3100,110.121,potenciado,75
3101,110.155,potenciado,75
3102,110.189,potenciado,75
3103,110.223,potenciado,75
3104,110.265,potenciado,75
3105,110.301,potenciado,75
3106,110.335,potenciado,75
3107,110.369,potenciado,75
3108,110.403,potenciado,75
3109,110.437,potenciado,75
3110,110.470,potenciado,75
3111,110.504,potenciado,75
3112,110.538,potenciado,75
3113,110.571,potenciado,75
3114,110.605,potenciado,75
3115,110.638,potenciado,75
3116,110.672,potenciado,75
3117,110.706,potenciado,75
3118,110.740,potenciado,75
3119,110.782,potenciado,75
3120,110.817,potenciado,75
3121,110.851,potenciado,74
3122,110.884,potenciado,74
3123,110.918,potenciado,74
3124,110.951,potenciado,74
3125,110.985,potenciado,74
3126,111.019,potenciado,74
3127,111.053,potenciado,74
3128,111.087,potenciado,74
3129,111.120,potenciado,74
3130,111.154,potenciado,74
3131,111.187,potenciado,74
3132,111.221,potenciado,74
3133,111.255,potenciado,74
3134,111.288,potenciado,74
3135,111.322,potenciado,74
3136,111.356,potenciado,74
3137,111.400,potenciado,74
3138,111.434,potenciado,74
3139,111.467,potenciado,74
3140,111.501,potenciado,74
3141,111.535,potenciado,74
3142,111.569,potenciado,74
3143,111.602,potenciado,74
3144,111.636,potenciado,74
3145,111.670,potenciado,74
3146,111.703,potenciado,74
3147,111.737,potenciado,74
3148,111.770,potenciado,74
3149,111.804,potenciado,74
3150,111.837,potenciado,74
3151,111.871,potenciado,74
3152,111.904,potenciado,74
3153,111.938,potenciado,74
3154,111.971,potenciado,74
3155,112.005,potenciado,74
3156,112.038,potenciado,74
3157,112.072,potenciado,74
3158,112.106,potenciado,74
3159,112.139,potenciado,74
3160,112.185,potenciado,74
3161,112.219,potenciado,74
3162,112.252,potenciado,74
3163,112.286,potenciado,74
3164,112.320,potenciado,74
3165,112.353,potenciado,74
3166,112.387,potenciado,74
3167,112.421,potenciado,74
3168,112.455,potenciado,74
3169,112.488,potenciado,74
3170,112.522,potenciado,74
3171,112.556,potenciado,74
3172,112.589,potenciado,74
3173,112.623,potenciado,74
3174,112.656,potenciado,74
3175,112.700,potenciado,74
3176,112.734,potenciado,74
3177,112.767,potenciado,74
3178,112.801,potenciado,74
3179,112.835,potenciado,74
3180,112.869,potenciado,74
3181,112.903,potenciado,74
3182,112.936,potenciado,74
3183,112.970,potenciado,74
3184,113.004,potenciado,74
3185,113.037,potenciado,74
3186,113.071,potenciado,74
3187,113.104,potenciado,74
3188,113.138,potenciado,74
3189,113.172,potenciado,74
3190,113.205,potenciado,74
3191,113.239,potenciado,74
3192,113.272,potenciado,74
3193,113.306,potenciado,74
3194,113.340,potenciado,74
3195,113.384,potenciado,74
3196,113.418,potenciado,74
3197,113.451,potenciado,74
3198,113.486,potenciado,74
3199,113.519,potenciado,74
3200,113.553,potenciado,74
3201,113.587,potenciado,74
3202,113.620,potenciado,74
3203,113.654,potenciado,74
3204,113.688,potenciado,74
3205,113.721,potenciado,74
3206,113.754,potenciado,74
3207,113.788,potenciado,74
3208,113.822,potenciado,73
3209,113.855,potenciado,73
3210,113.889,potenciado,73
3211,113.922,potenciado,73
3212,113.956,potenciado,73
3213,113.990,potenciado,73
3214,114.034,potenciado,73
3215,114.068,potenciado,73
3216,114.102,potenciado,73
3217,114.135,potenciado,73
3218,114.169,potenciado,73
3219,114.203,potenciado,73
3220,114.236,potenciado,73
3221,114.270,potenciado,73
3222,114.304,potenciado,73
3223,114.337,potenciado,73
3224,114.371,potenciado,73
3225,114.404,potenciado,73
3226,114.438,potenciado,73
3227,114.472,potenciado,73
3228,114.505,potenciado,73
3229,114.539,potenciado,73
3230,114.572,potenciado,73
3231,114.606,potenciado,73
3232,114.640,potenciado,73
3233,114.685,potenciado,73
3234,114.719,potenciado,73
3235,114.752,potenciado,73
3236,114.786,potenciado,73
3237,114.820,potenciado,73
3238,114.853,potenciado,73
3239,114.887,potenciado,73
3240,114.920,potenciado,73
3241,114.954,potenciado,73
3242,114.987,potenciado,73
3243,115.021,potenciado,73
3244,115.055,potenciado,73
3245,115.088,potenciado,73
3246,115.122,potenciado,73
3247,115.155,potenciado,73
3248,115.189,potenciado,73
3249,115.223,potenciado,73
3250,115.256,potenciado,73
3251,115.300,potenciado,73
3252,115.334,potenciado,73
3253,115.368,potenciado,73
3254,115.401,potenciado,73
3255,115.435,potenciado,73
3256,115.469,potenciado,73
3257,115.502,potenciado,73
3258,115.536,potenciado,73
3259,115.569,potenciado,73
3260,115.603,potenciado,73
3261,115.636,potenciado,73
3262,115.670,potenciado,73
3263,115.704,potenciado,73
3264,115.737,potenciado,73
3265,115.771,potenciado,73
3266,115.804,potenciado,73
3267,115.838,potenciado,73
3268,115.871,potenciado,73
3269,115.905,potenciado,73
3270,115.939,potenciado,73
3271,115.972,potenciado,73
3272,116.006,potenciado,73
3273,116.040,potenciado,73
3274,116.082,potenciado,73
3275,116.116,potenciado,73
3276,116.150,potenciado,73
3277,116.184,potenciado,73
3278,116.217,potenciado,73
3279,116.251,potenciado,73
3280,116.285,potenciado,73
3281,116.318,potenciado,73
3282,116.352,potenciado,73
3283,116.386,potenciado,73
3284,116.419,potenciado,73
3285,116.453,potenciado,73
3286,116.486,potenciado,73
3287,116.520,potenciado,73
3288,116.553,potenciado,73
3289,116.587,potenciado,73
3290,116.621,potenciado,73
3291,116.654,potenciado,73
3292,116.688,potenciado,73
3293,116.722,potenciado,73
3294,116.756,potenciado,73
3295,116.789,potenciado,73
3296,116.835,potenciado,73
3297,116.869,potenciado,73
3298,116.903,potenciado,73
3299,116.937,potenciado,73
3300,116.970,potenciado,73
3301,117.004,potenciado,73
3302,117.037,potenciado,73
3303,117.071,potenciado,73
3304,117.105,potenciado,73
3305,117.139,potenciado,73
3306,117.173,potenciado,73
3307,117.206,potenciado,73
3308,117.239,potenciado,73
3309,117.273,potenciado,73
3310,117.316,potenciado,73
3311,117.350,potenciado,73
3312,117.384,potenciado,73
3313,117.418,potenciado,73
3314,117.452,potenciado,73
3315,117.485,potenciado,73
3316,117.519,potenciado,73
3317,117.553,potenciado,73
3318,117.586,potenciado,73
3319,117.620,potenciado,73
3320,117.653,potenciado,73
3321,117.687,potenciado,73
3322,117.721,potenciado,73
3323,117.754,potenciado,73
3324,117.788,potenciado,73
3325,117.822,potenciado,73
3326,117.855,potenciado,73
3327,117.889,potenciado,73
3328,117.922,potenciado,73
3329,117.956,potenciado,73
3330,117.990,potenciado,73
3331,118.033,potenciado,73
3332,118.068,potenciado,73
3333,118.101,potenciado,73
3334,118.135,potenciado,73
3335,118.169,potenciado,73
3336,118.203,potenciado,73
3337,118.236,potenciado,73
3338,118.270,potenciado,73
3339,118.303,potenciado,73
3340,118.337,potenciado,73
3341,118.370,potenciado,73
3342,118.404,potenciado,73
3343,118.438,potenciado,73
3344,118.472,potenciado,73
3345,118.505,potenciado,73
3346,118.539,potenciado,73
3347,118.573,potenciado,73
3348,118.617,potenciado,73
3349,118.651,potenciado,73
3350,118.684,potenciado,73
3351,118.718,potenciado,73
3352,118.752,potenciado,73
3353,118.785,potenciado,73
3354,118.819,potenciado,73
3355,118.853,potenciado,73
3356,118.886,potenciado,73
3357,118.920,potenciado,73
3358,118.953,potenciado,73
3359,118.987,potenciado,73
3360,119.020,potenciado,73
3361,119.054,potenciado,73
3362,119.087,potenciado,73
3363,119.121,potenciado,73
3364,119.155,potenciado,73
3365,119.188,potenciado,73
3366,119.222,potenciado,73
3367,119.255,potenciado,73
3368,119.289,potenciado,73
3369,119.322,potenciado,73
3370,119.356,potenciado,73
3371,119.390,potenciado,73
3372,119.434,potenciado,73
3373,119.468,potenciado,73
3374,119.502,potenciado,73
3375,119.535,potenciado,73
3376,119.569,potenciado,73
3377,119.602,potenciado,73
3378,119.636,potenciado,74
3379,119.670,potenciado,74
3380,119.703,potenciado,75
3381,119.737,potenciado,75
3382,119.770,potenciado,75
3383,119.804,potenciado,75
3384,119.837,potenciado,75
3385,119.871,potenciado,75
3386,119.905,potenciado,75
3387,119.939,potenciado,75
3388,119.972,potenciado,75
3389,120.006,potenciado,75
3390,120.040,potenciado,75
3391,120.084,potenciado,75
3392,120.117,potenciado,75
3393,120.151,potenciado,75
3394,120.184,potenciado,75
3395,120.218,potenciado,75
3396,120.252,potenciado,75
3397,120.286,potenciado,75
3398,120.320,potenciado,75
3399,120.354,potenciado,75
3400,120.387,potenciado,75
3401,120.421,potenciado,75
3402,120.454,potenciado,75
3403,120.488,potenciado,75
3404,120.521,potenciado,75
3405,120.555,potenciado,75
3406,120.588,potenciado,75
3407,120.622,potenciado,75
3408,120.656,potenciado,75
3409,120.689,potenciado,75
3410,120.723,potenciado,75
3411,120.767,potenciado,75
3412,120.800,potenciado,75
3413,120.834,potenciado,75
3414,120.868,potenciado,75
3415,120.902,potenciado,75
3416,120.936,potenciado,75
3417,120.969,potenciado,75
3418,121.003,potenciado,75
3419,121.037,potenciado,75
3420,121.071,potenciado,75
3421,121.104,potenciado,75
3422,121.138,potenciado,75
3423,121.172,potenciado,75
3424,121.206,potenciado,75
3425,121.252,potenciado,75
3426,121.286,potenciado,75
3427,121.320,potenciado,75
3428,121.354,potenciado,75
3429,121.387,potenciado,75
3430,121.421,potenciado,75
3431,121.454,potenciado,75
3432,121.488,potenciado,75
3433,121.522,potenciado,75
3434,121.556,potenciado,75
3435,121.601,potenciado,75
3436,121.634,potenciado,75
3437,121.668,potenciado,75
3438,121.701,potenciado,75
3439,121.735,potenciado,75
3440,121.768,potenciado,75
3441,121.802,potenciado,75
3442,121.836,potenciado,75
3443,121.869,potenciado,75
3444,121.903,potenciado,75
3445,121.937,potenciado,75
3446,121.970,potenciado,75
3447,122.004,potenciado,75
3448,122.037,potenciado,75
3449,122.071,potenciado,75
3450,122.105,potenciado,75
3451,122.139,potenciado,75
3452,122.172,potenciado,75
3453,122.206,potenciado,75
3454,122.239,potenciado,75
3455,122.285,potenciado,75
3456,122.319,potenciado,75
3457,122.352,potenciado,75
3458,122.386,potenciado,75
3459,122.420,potenciado,75
3460,122.454,potenciado,75
3461,122.487,potenciado,75
3462,122.521,potenciado,75
3463,122.554,potenciado,75
3464,122.588,potenciado,75
3465,122.621,potenciado,75
3466,122.655,potenciado,75
3467,122.689,potenciado,75
3468,122.723,potenciado,75
3469,122.756,potenciado,75
3470,122.801,potenciado,75
3471,122.835,potenciado,74
3472,122.868,potenciado,74
3473,122.902,potenciado,74
3474,122.935,potenciado,74
3475,122.969,potenciado,74
3476,123.003,potenciado,74
3477,123.036,potenciado,74
3478,123.070,potenciado,74
3479,123.103,potenciado,74
3480,123.137,potenciado,74
3481,123.170,potenciado,74
3482,123.204,potenciado,74
3483,123.238,potenciado,74
3484,123.272,potenciado,74
3485,123.305,potenciado,74
3486,123.339,potenciado,74
3487,123.373,potenciado,74
3488,123.406,potenciado,74
3489,123.440,potenciado,74
3490,123.484,potenciado,74
3491,123.519,potenciado,74
3492,123.553,potenciado,74
3493,123.586,potenciado,74
3494,123.620,potenciado,74
3495,123.654,potenciado,74
3496,123.687,potenciado,74
3497,123.721,potenciado,74
3498,123.755,potenciado,74
3499,123.788,potenciado,74
3500,123.822,potenciado,74
3501,123.855,potenciado,74
3502,123.889,potenciado,74
3503,123.922,potenciado,74
3504,123.956,potenciado,74
3505,123.989,potenciado,74
3506,124.023,potenciado,74
3507,124.070,potenciado,74
3508,124.103,potenciado,74
3509,124.137,potenciado,74
3510,124.170,potenciado,74
3511,124.204,potenciado,74
3512,124.237,potenciado,74
3513,124.271,potenciado,74
3514,124.305,potenciado,74
3515,124.338,potenciado,74
3516,124.372,potenciado,74
3517,124.406,potenciado,74
3518,124.439,potenciado,74
3519,124.473,potenciado,74
3520,124.506,potenciado,74
3521,124.551,potenciado,74
3522,124.585,potenciado,74
3523,124.619,potenciado,74
3524,124.652,potenciado,74
3525,124.686,potenciado,74
3526,124.720,potenciado,74
3527,124.753,potenciado,74
3528,124.787,potenciado,74
3529,124.820,potenciado,74
3530,124.854,potenciado,74
3531,124.887,potenciado,74
3532,124.921,potenciado,74
3533,124.955,potenciado,74
3534,124.989,potenciado,74
3535,125.022,potenciado,74
3536,125.056,potenciado,74
3537,125.089,potenciado,74
3538,125.133,potenciado,74
3539,125.167,potenciado,74
3540,125.200,potenciado,74
3541,125.235,potenciado,74
3542,125.269,potenciado,74
3543,125.303,potenciado,74
3544,125.337,potenciado,74
3545,125.370,potenciado,74
3546,125.404,potenciado,74
3547,125.437,potenciado,74
3548,125.471,potenciado,74
3549,125.505,potenciado,74
3550,125.539,potenciado,74
3551,125.573,potenciado,74
3552,125.606,potenciado,74
3553,125.654,potenciado,74
3554,125.687,potenciado,74
3555,125.721,potenciado,74
3556,125.756,potenciado,73
3557,125.789,potenciado,73
3558,125.823,potenciado,73
3559,125.856,potenciado,73
3560,125.901,potenciado,73
3561,125.936,potenciado,73
3562,125.970,potenciado,73
3563,126.003,potenciado,73
3564,126.037,potenciado,73
3565,126.070,potenciado,73
3566,126.104,potenciado,73
3567,126.138,potenciado,73
3568,126.171,potenciado,73
3569,126.205,potenciado,73
3570,126.239,potenciado,73
3571,126.273,potenciado,73
3572,126.306,potenciado,73
3573,126.340,potenciado,73
3574,126.387,potenciado,73
3575,126.420,potenciado,73
3576,126.454,potenciado,73
3577,126.487,potenciado,73
3578,126.521,potenciado,73
3579,126.555,potenciado,73
3580,126.589,potenciado,73
3581,126.622,potenciado,73
3582,126.656,potenciado,73
3583,126.689,potenciado,73
3584,126.723,potenciado,73
3585,126.768,potenciado,73
3586,126.802,potenciado,73
3587,126.835,potenciado,73
3588,126.869,potenciado,73
3589,126.903,potenciado,73
3590,126.937,potenciado,73
3591,126.971,potenciado,73
3592,127.005,potenciado,73
3593,127.038,potenciado,73
3594,127.072,potenciado,73
3595,127.106,potenciado,73
3596,127.139,potenciado,73
3597,127.173,potenciado,73
3598,127.207,potenciado,73
3599,127.249,potenciado,73
3600,127.289,potenciado,73
3601,127.323,potenciado,73
3602,127.393,potenciado,73
3603,127.459,potenciado,73
3604,127.525,potenciado,73
3605,127.590,potenciado,73
3606,127.642,potenciado,73
3607,127.706,potenciado,73
3608,127.739,potenciado,73
3609,127.786,potenciado,73
3610,127.820,potenciado,73
3611,127.854,potenciado,73
3612,127.891,potenciado,73
3613,127.936,potenciado,73
3614,127.970,potenciado,73
3615,128.003,potenciado,73
3616,128.037,potenciado,73
3617,128.070,potenciado,73
3618,128.104,potenciado,73
3619,128.138,potenciado,73
3620,128.171,potenciado,73
3621,128.205,potenciado,73
3622,128.239,potenciado,73
3623,128.273,potenciado,73
3624,128.306,potenciado,73
3625,128.352,potenciado,73
3626,128.386,potenciado,73
3627,128.420,potenciado,73
3628,128.453,potenciado,73
3629,128.487,potenciado,73
3630,128.521,potenciado,73
3631,128.554,potenciado,73
3632,128.588,potenciado,73
3633,128.622,potenciado,73
3634,128.655,potenciado,73
3635,128.688,potenciado,73
3636,128.722,potenciado,73
3637,128.756,potenciado,73
3638,128.790,potenciado,73
3639,128.823,potenciado,73
3640,128.866,potenciado,73
3641,128.901,potenciado,73
3642,128.935,potenciado,73
3643,128.968,potenciado,73
3644,129.002,potenciado,73
3645,129.035,potenciado,73
3646,129.069,potenciado,73
3647,129.103,potenciado,72
3648,129.136,potenciado,72
3649,129.170,potenciado,72
3650,129.203,potenciado,72
3651,129.237,potenciado,72
3652,129.271,potenciado,72
3653,129.305,potenciado,72
3654,129.338,potenciado,72
3655,129.372,potenciado,72
3656,129.406,potenciado,72
3657,129.440,potenciado,72
3658,129.482,potenciado,72
3659,129.518,potenciado,72
3660,129.551,potenciado,72
3661,129.585,potenciado,73
3662,129.619,potenciado,74
3663,129.654,potenciado,74
3664,129.687,potenciado,74
3665,129.721,potenciado,74
3666,129.755,potenciado,74
3667,129.788,potenciado,74
3668,129.822,potenciado,74
3669,129.855,potenciado,74
3670,129.889,potenciado,73
3671,129.922,potenciado,73
3672,129.956,potenciado,73
3673,129.990,potenciado,73
3674,130.033,potenciado,73
3675,130.067,potenciado,73
3676,130.101,potenciado,73
3677,130.135,potenciado,73
3678,130.168,potenciado,73
3679,130.202,potenciado,73
3680,130.236,potenciado,73
3681,130.269,potenciado,73
3682,130.303,potenciado,73
3683,130.337,potenciado,73
3684,130.370,potenciado,73
3685,130.404,potenciado,73
3686,130.437,potenciado,73
3687,130.471,potenciado,73
3688,130.504,potenciado,73
3689,130.543,potenciado,73
3690,130.584,potenciado,73
3691,130.618,potenciado,73
3692,130.651,potenciado,73
3693,130.685,potenciado,73
3694,130.719,potenciado,73
3695,130.752,potenciado,73
3696,130.786,potenciado,73
3697,130.819,potenciado,73
3698,130.853,potenciado,73
3699,130.887,potenciado,73
3700,130.920,potenciado,73
3701,130.954,potenciado,73
3702,130.988,potenciado,73
3703,131.021,potenciado,73
3704,131.055,potenciado,73
3705,131.088,potenciado,73
3706,131.122,potenciado,73
3707,131.156,potenciado,73
3708,131.190,potenciado,73
3709,131.234,potenciado,73
3710,131.268,potenciado,73
3711,131.302,potenciado,73
3712,131.336,potenciado,73
3713,131.370,potenciado,73
3714,131.404,potenciado,73
3715,131.437,potenciado,73
3716,131.471,potenciado,73
3717,131.505,potenciado,73
3718,131.538,potenciado,73
3719,131.572,potenciado,73
3720,131.606,potenciado,73
3721,131.652,potenciado,73
3722,131.686,potenciado,73
3723,131.719,potenciado,73
3724,131.753,potenciado,73
3725,131.786,potenciado,73
3726,131.820,potenciado,73
3727,131.853,potenciado,73
3728,131.887,potenciado,73
3729,131.921,potenciado,73
3730,131.954,potenciado,73
3731,131.988,potenciado,73
3732,132.021,potenciado,73
3733,132.055,potenciado,73
3734,132.089,potenciado,73
3735,132.122,potenciado,73
3736,132.156,potenciado,73
3737,132.189,potenciado,73
3738,132.223,potenciado,73
3739,132.266,potenciado,73
3740,132.301,potenciado,73
3741,132.335,potenciado,73
3742,132.369,potenciado,73
3743,132.402,potenciado,73
3744,132.436,potenciado,73
3745,132.469,potenciado,73
3746,132.503,potenciado,73
3747,132.537,potenciado,73
3748,132.570,potenciado,73
3749,132.604,potenciado,73
3750,132.637,potenciado,73
3751,132.671,potenciado,73
3752,132.705,potenciado,73
3753,132.738,potenciado,73
3754,132.772,potenciado,73
3755,132.806,potenciado,73
3756,132.840,potenciado,73
3757,132.885,potenciado,73
3758,132.918,potenciado,73
3759,132.952,potenciado,73
3760,132.986,potenciado,73
3761,133.020,potenciado,73
3762,133.054,potenciado,73
3763,133.087,potenciado,73
3764,133.121,potenciado,73
3765,133.154,potenciado,73
3766,133.188,potenciado,73
3767,133.222,potenciado,73
3768,133.255,potenciado,73
3769,133.289,potenciado,73
3770,133.322,potenciado,73
3771,133.356,potenciado,73
3772,133.389,potenciado,73
3773,133.423,potenciado,73
3774,133.457,potenciado,73
3775,133.499,potenciado,73
3776,133.533,potenciado,73
3777,133.567,potenciado,73
3778,133.601,potenciado,73
3779,133.635,potenciado,73
3780,133.668,potenciado,73
3781,133.702,potenciado,73
3782,133.736,potenciado,73
3783,133.769,potenciado,73
3784,133.803,potenciado,73
3785,133.837,potenciado,73
3786,133.870,potenciado,73
3787,133.904,potenciado,73
3788,133.937,potenciado,73
3789,133.971,potenciado,73
3790,134.004,potenciado,73
3791,134.038,potenciado,73
3792,134.071,potenciado,73
3793,134.105,potenciado,72
3794,134.138,potenciado,72
3795,134.172,potenciado,72
3796,134.205,potenciado,72
3797,134.239,potenciado,72
3798,134.273,potenciado,72
3799,134.307,potenciado,72
3800,134.350,potenciado,72
3801,134.384,potenciado,72
3802,134.418,potenciado,72
3803,134.452,potenciado,72
3804,134.486,potenciado,72
3805,134.519,potenciado,72
3806,134.553,potenciado,72
3807,134.586,potenciado,72
3808,134.620,potenciado,72
3809,134.653,potenciado,72
3810,134.687,potenciado,72
3811,134.720,potenciado,72
3812,134.754,potenciado,72
3813,134.788,potenciado,72
3814,134.822,potenciado,72
3815,134.855,potenciado,72
3816,134.889,potenciado,72
3817,134.923,potenciado,72
3818,134.956,potenciado,72
3819,134.990,potenciado,72
3820,135.023,potenciado,72
3821,135.070,potenciado,72
3822,135.104,potenciado,72
3823,135.138,potenciado,72
3824,135.171,potenciado,72
3825,135.205,potenciado,72
3826,135.239,potenciado,72
3827,135.272,potenciado,72
3828,135.306,potenciado,72
3829,135.340,potenciado,72
3830,135.374,potenciado,72
3831,135.416,potenciado,72
3832,135.450,potenciado,72
3833,135.484,potenciado,72
3834,135.518,potenciado,72
3835,135.552,potenciado,72
3836,135.585,potenciado,72
3837,135.619,potenciado,72
3838,135.653,potenciado,72
3839,135.686,potenciado,72
3840,135.719,potenciado,72
3841,135.753,potenciado,72
3842,135.787,potenciado,72
3843,135.820,potenciado,72
3844,135.854,potenciado,72
3845,135.887,potenciado,72
3846,135.921,potenciado,72
3847,135.956,potenciado,72
3848,135.989,potenciado,72
3849,136.023,potenciado,72
3850,136.069,potenciado,72
3851,136.103,potenciado,72
3852,136.136,potenciado,72
3853,136.170,potenciado,72
3854,136.204,potenciado,72
3855,136.237,potenciado,72
3856,136.271,potenciado,72
3857,136.305,potenciado,72
3858,136.338,potenciado,72
3859,136.372,potenciado,72
3860,136.406,potenciado,72
3861,136.440,potenciado,72
3862,136.473,potenciado,72
3863,136.517,potenciado,72
3864,136.551,potenciado,72
3865,136.585,potenciado,72
3866,136.618,potenciado,72
3867,136.652,potenciado,72
3868,136.685,potenciado,72
3869,136.719,potenciado,72
3870,136.752,potenciado,72
3871,136.786,potenciado,72
3872,136.820,potenciado,72
3873,136.853,potenciado,72
3874,136.887,potenciado,72
3875,136.921,potenciado,72
3876,136.954,potenciado,72
3877,136.988,potenciado,72
3878,137.022,potenciado,72
3879,137.056,potenciado,72
3880,137.089,potenciado,72
3881,137.123,potenciado,72
3882,137.169,potenciado,72
3883,137.202,potenciado,72
3884,137.237,potenciado,72
3885,137.270,potenciado,72
3886,137.304,potenciado,72
3887,137.338,potenciado,72
3888,137.371,potenciado,72
3889,137.405,potenciado,72
3890,137.438,potenciado,72
3891,137.472,potenciado,72
3892,137.506,potenciado,72
3893,137.539,potenciado,72
3894,137.573,potenciado,71
3895,137.606,potenciado,71
3896,137.640,potenciado,71
3897,137.684,potenciado,71
3898,137.719,potenciado,71
3899,137.753,potenciado,71
3900,137.786,potenciado,71
3901,137.820,potenciado,71
3902,137.854,potenciado,71
3903,137.888,potenciado,71
3904,137.921,potenciado,71
3905,137.955,potenciado,71
3906,137.988,potenciado,71
3907,138.022,potenciado,71
3908,138.055,potenciado,71
3909,138.089,potenciado,71
3910,138.122,potenciado,71
3911,138.156,potenciado,71
3912,138.190,potenciado,71
3913,138.235,potenciado,71
3914,138.269,potenciado,71
3915,138.303,potenciado,71
3916,138.336,potenciado,71
3917,138.370,potenciado,71
3918,138.403,potenciado,71
3919,138.437,potenciado,71
3920,138.470,potenciado,71
3921,138.518,potenciado,71
3922,138.552,potenciado,71
3923,138.586,potenciado,71
3924,138.620,potenciado,71
3925,138.653,potenciado,71
3926,138.687,potenciado,71
3927,138.721,potenciado,71
3928,138.754,potenciado,71
3929,138.788,potenciado,71
3930,138.822,potenciado,71
3931,138.855,potenciado,71
3932,138.889,potenciado,71
3933,138.922,potenciado,71
3934,138.956,potenciado,71
3935,139.001,potenciado,71
3936,139.035,potenciado,71
3937,139.069,potenciado,71
3938,139.103,potenciado,71
3939,139.137,potenciado,71
3940,139.170,potenciado,71
3941,139.204,potenciado,71
3942,139.238,potenciado,71
3943,139.271,potenciado,71
3944,139.305,potenciado,71
3945,139.339,potenciado,71
3946,139.372,potenciado,71
3947,139.406,potenciado,71
3948,139.439,potenciado,71
3949,139.473,potenciado,71
3950,139.517,potenciado,71
3951,139.551,potenciado,72
3952,139.584,potenciado,72
3953,139.618,potenciado,73
3954,139.652,potenciado,73
3955,139.685,potenciado,74
3956,139.719,potenciado,74
3957,139.753,potenciado,74
3958,139.786,potenciado,74
3959,139.820,potenciado,74
3960,139.854,potenciado,74
3961,139.887,potenciado,74
3962,139.921,potenciado,74
3963,139.954,potenciado,74
3964,139.988,potenciado,74
3965,140.022,potenciado,74
3966,140.056,potenciado,74
3967,140.090,potenciado,74
3968,140.123,potenciado,74
3969,140.167,potenciado,74
3970,140.200,potenciado,74
3971,140.234,potenciado,74
3972,140.267,potenciado,74
3973,140.304,potenciado,74
3974,140.338,potenciado,74
3975,140.372,potenciado,74
3976,140.405,potenciado,74
3977,140.439,potenciado,73
3978,140.472,potenciado,73
3979,140.506,potenciado,73
3980,140.540,potenciado,73
3981,140.573,potenciado,73
3982,140.607,potenciado,73
3983,140.651,potenciado,73
3984,140.685,potenciado,73
3985,140.719,potenciado,73
3986,140.752,potenciado,73
3987,140.786,potenciado,73
3988,140.819,potenciado,73
3989,140.853,potenciado,73
3990,140.886,potenciado,73
3991,140.920,potenciado,73
3992,140.954,potenciado,73
3993,140.987,potenciado,73
3994,141.021,potenciado,73
3995,141.055,potenciado,73
3996,141.089,potenciado,73
3997,141.122,potenciado,73
3998,141.156,potenciado,73
3999,141.190,potenciado,73
4000,141.233,potenciado,73
4001,141.268,potenciado,73
4002,141.302,potenciado,73
4003,141.335,potenciado,73
4004,141.369,potenciado,73
4005,141.403,potenciado,73
4006,141.437,potenciado,73
4007,141.470,potenciado,73
4008,141.504,potenciado,73
4009,141.537,potenciado,73
4010,141.571,potenciado,73
4011,141.605,potenciado,73
4012,141.638,potenciado,73
4013,141.672,potenciado,73
4014,141.706,potenciado,73
4015,141.739,potenciado,73
4016,141.773,potenciado,73
4017,141.807,potenciado,73
4018,141.850,potenciado,73
4019,141.884,,73
4020,141.917,,73
4021,141.951,,73
4022,141.985,,73
4023,142.018,,73
4024,142.052,,73
4025,142.086,,73
4026,142.119,,73
4027,142.153,,73
4028,142.186,,73
4029,142.220,,73
4030,142.254,,73
4031,142.287,,73
4032,142.321,,73
4033,142.355,,73
4034,142.388,,73
4035,142.422,,73
4036,142.456,,73
4037,142.490,,73
4038,142.523,,73
4039,142.557,,73
4040,142.599,,73
4041,142.635,,73
4042,142.668,,73
4043,142.702,,73
4044,142.735,,73
4045,142.769,,73
4046,142.802,,73
4047,142.836,,73
4048,142.869,,73
4049,142.903,,73
4050,142.936,,73
4051,142.970,,73
4052,143.004,,73
4053,143.037,,73
4054,143.071,,73
4055,143.104,,73
4056,143.138,,73
4057,143.172,,73
4058,143.206,,73
4059,143.239,,73
4060,143.273,,73
4061,143.307,,73
4062,143.350,,73
4063,143.384,,73
4064,143.418,,73
4065,143.451,,73
4066,143.485,,73
4067,143.519,,73
4068,143.552,,73
4069,143.587,,73
4070,143.621,,73
4071,143.654,,73
4072,143.688,,73
4073,143.722,,73
4074,143.755,,73
4075,143.789,,73
4076,143.822,,73
4077,143.856,,73
4078,143.890,,73
4079,143.923,,73
4080,143.956,,73
4081,144.002,,72
4082,144.035,,72
4083,144.068,,72
4084,144.102,,72
4085,144.136,,72
4086,144.169,,72
4087,144.203,,72
4088,144.237,,72
4089,144.270,,72
4090,144.304,,72
4091,144.337,,72
4092,144.371,,72
4093,144.404,,72
4094,144.438,,72
4095,144.472,,72
4096,144.505,,72
4097,144.539,,72
4098,144.572,,72
4099,144.606,,72
4100,144.639,,72
4101,144.673,,72
4102,144.718,,72
4103,144.752,,72
4104,144.786,,72
4105,144.819,,72
4106,144.853,,72
4107,144.887,,72
4108,144.920,,72
4109,144.954,,72
4110,144.988,,72
4111,145.021,,72
4112,145.055,,72
4113,145.088,,72
4114,145.122,,72
4115,145.156,,72
4116,145.189,,72
4117,145.223,,72
4118,145.256,,72
4119,145.290,,72
4120,145.333,,72
4121,145.369,,72
4122,145.403,,72
4123,145.436,,72
4124,145.470,,72
4125,145.504,,72
4126,145.538,,72
4127,145.572,,72
4128,145.606,,72
4129,145.639,,72
4130,145.672,,72
4131,145.706,,72
4132,145.740,,72
4133,145.773,,72
4134,145.817,,72
4135,145.851,,72
4136,145.885,,72
4137,145.918,,72
4138,145.952,,72
4139,145.985,,72
4140,146.019,,72
4141,146.054,,72
4142,146.088,,72
4143,146.122,,72
4144,146.155,,72
4145,146.189,,72
4146,146.223,,72
4147,146.256,,72
4148,146.290,,72
4149,146.336,,72
4150,146.370,,72
4151,146.403,,72
4152,146.437,,72
4153,146.471,,72
4154,146.505,,72
4155,146.538,,72
4156,146.572,,72
4157,146.606,,72
4158,146.640,,72
4159,146.674,,72
4160,146.718,,72
4161,146.752,,72
4162,146.786,,72
4163,146.820,,72
4164,146.854,,72
4165,146.887,,71
4166,146.921,,71
4167,146.955,,71
4168,146.988,,71
4169,147.022,,71
4170,147.056,,71
4171,147.090,,71
4172,147.123,,71
4173,147.168,,71
4174,147.202,,71
4175,147.238,,71
4176,147.271,,71
4177,147.305,,71
4178,147.339,,71
4179,147.372,,71
4180,147.406,,71
4181,147.439,,71
4182,147.473,,71
4183,147.507,,71
4184,147.550,,71
4185,147.588,,71
4186,147.622,,71
4187,147.655,,71
4188,147.689,,71
4189,147.723,,71
4190,147.756,,71
4191,147.790,,71
4192,147.835,,71
4193,147.868,,71
4194,147.902,,71
4195,147.936,,71
4196,147.969,,71
4197,148.003,,71
4198,148.037,,71
4199,148.071,,71
4200,148.104,,71
4201,148.138,,71
4202,148.172,,71
4203,148.205,,71
4204,148.238,,71
4205,148.272,,71
4206,148.306,,71
4207,148.339,,71
4208,148.373,,71
4209,148.407,,71
4210,148.452,,71
4211,148.486,,71
4212,148.520,,71
4213,148.553,,71
4214,148.587,,71
4215,148.621,,71
4216,148.654,,71
4217,148.688,,71
4218,148.721,,71
4219,148.755,,71
4220,148.789,,71
4221,148.822,,71
4222,148.856,,71
4223,148.889,,71
4224,148.923,,71
4225,148.957,,71
4226,149.000,,71
4227,149.034,,71
4228,149.068,,71
4229,149.101,,71
4230,149.135,,71
4231,149.169,,71
4232,149.203,,71
4233,149.236,,71
4234,149.270,,71
4235,149.303,,71
4236,149.337,,71
4237,149.370,,71
4238,149.404,,71
4239,149.438,,71
4240,149.472,,71
4241,149.505,,71
4242,149.539,,71
4243,149.573,,71
4244,149.607,,71
4245,149.640,,72
4246,149.684,,72
4247,149.718,,73
4248,149.751,,73
4249,149.785,,74
4250,149.818,,74
4251,149.852,,74
4252,149.885,,74
4253,149.919,,74
4254,149.953,,74
4255,149.986,,74
4256,150.020,,74
4257,150.054,,74
4258,150.088,,74
4259,150.121,,74
4260,150.155,,74
4261,150.189,,74
4262,150.223,,74
4263,150.257,,74
4264,150.301,,74
4265,150.334,,74
4266,150.368,,74
4267,150.402,,74
4268,150.436,,73
4269,150.470,,73
4270,150.504,,73
4271,150.538,,73
4272,150.571,,73
4273,150.605,,73
4274,150.638,,73
4275,150.672,,73
4276,150.706,,73
4277,150.739,,73
4278,150.773,,73
4279,150.807,,73
4280,150.852,,73
4281,150.886,,73
4282,150.919,,73
4283,150.953,,73
4284,150.987,,73
4285,151.021,,73
4286,151.054,,73
4287,151.088,,73
4288,151.121,,73
4289,151.155,,73
4290,151.188,,73
4291,151.222,,73
4292,151.256,,73
4293,151.290,,73
4294,151.335,,73
4295,151.368,,73
4296,151.402,,73
4297,151.436,,73
4298,151.469,,73
4299,151.503,,73
4300,151.536,,73
4301,151.570,,73
4302,151.604,,73
4303,151.637,,73
4304,151.671,,73
4305,151.705,,73
4306,151.738,,73
4307,151.772,,73
4308,151.806,,73
4309,151.839,,73
4310,151.873,,73
4311,151.907,,73
4312,151.950,,73
4313,151.984,,73
4314,152.018,,73
4315,152.051,,73
4316,152.085,,73
4317,152.119,,73
4318,152.152,,73
4319,152.186,,73
4320,152.219,,73
4321,152.253,,73
4322,152.287,,73
4323,152.321,,73
4324,152.355,,73
4325,152.388,,73
4326,152.422,,73
4327,152.456,,73
4328,152.489,,73
4329,152.523,,73
4330,152.557,,73
4331,152.600,,73
4332,152.634,,73
4333,152.669,,73
4334,152.703,,73
4335,152.736,,73
4336,152.770,,73
4337,152.804,,73
4338,152.837,,73
4339,152.871,,73
4340,152.905,,73
4341,152.938,,73
4342,152.972,,73
4343,153.005,,73
4344,153.039,,73
4345,153.072,,73
4346,153.106,,73
4347,153.139,,73
4348,153.173,,73
4349,153.207,,73
4350,153.251,,73
4351,153.285,,73
4352,153.318,,72
4353,153.352,,72
4354,153.386,,72
4355,153.419,,72
4356,153.453,,72
4357,153.487,,72
4358,153.521,,72
4359,153.555,,72
4360,153.588,,72
4361,153.622,,72
4362,153.655,,72
4363,153.689,,72
4364,153.722,,72
4365,153.755,,72
4366,153.789,,72
4367,153.823,,72
4368,153.857,,72
4369,153.900,,72
4370,153.934,,72
4371,153.968,,72
4372,154.001,,72
4373,154.035,,72
4374,154.069,,72
4375,154.103,,72
4376,154.136,,72
4377,154.170,,72
4378,154.204,,72
4379,154.238,,72
4380,154.271,,72
4381,154.305,,72
4382,154.338,,72
4383,154.372,,72
4384,154.405,,72
4385,154.439,,72
4386,154.473,,72
4387,154.506,,72
4388,154.540,,72
4389,154.574,,72
4390,154.617,,72
4391,154.651,,72
4392,154.685,,72
4393,154.723,,72
4394,154.757,,72
4395,154.801,,72
4396,154.835,,72
4397,154.868,,72
4398,154.902,,72
4399,154.936,,72
4400,154.970,,72
4401,155.003,,72
4402,155.037,,72
4403,155.071,,72
4404,155.104,,72
4405,155.138,,72
4406,155.172,,72
4407,155.206,,72
4408,155.239,,72
4409,155.273,,72
4410,155.307,,72
4411,155.351,,72
4412,155.384,,72
4413,155.418,,72
4414,155.451,,72
4415,155.485,,72
4416,155.519,,72
4417,155.553,,72
4418,155.587,,72
4419,155.620,,72
4420,155.654,,72
4421,155.687,,72
4422,155.721,,72
4423,155.754,,72
4424,155.788,,72
4425,155.822,,72
4426,155.856,,72
4427,155.889,,72
4428,155.923,,72
4429,155.957,,72
4430,155.990,,72
4431,156.040,,72
4432,156.088,,72
4433,156.122,,72
4434,156.155,,72
4435,156.189,,72
4436,156.223,,72
4437,156.269,,72
4438,156.305,,72
4439,156.339,,72
4440,156.373,,72
4441,156.406,,72
4442,156.440,,72
4443,156.473,,72
4444,156.519,,72
4445,156.554,,72
4446,156.587,,72
4447,156.621,,72
4448,156.654,,72
4449,156.688,,72
4450,156.722,,72
4451,156.756,,72
4452,156.790,,72
4453,156.823,,71
4454,156.857,,71
4455,156.901,,71
4456,156.934,,71
4457,156.968,,71
4458,157.002,,71
4459,157.036,,71
4460,157.069,,71
4461,157.103,,71
4462,157.137,,71
4463,157.171,,71
4464,157.204,,71
4465,157.238,,71
4466,157.271,,71
4467,157.305,,71
4468,157.339,,71
4469,157.373,,71
4470,157.406,,71
4471,157.440,,71
4472,157.474,,71
4473,157.518,,71
4474,157.552,,71
4475,157.586,,71
4476,157.619,,71
4477,157.653,,71
4478,157.686,,71
4479,157.720,,71
4480,157.754,,71
4481,157.788,,71
4482,157.859,,71
4483,157.908,,71
4484,157.956,,71
4485,158.006,,71
4486,158.040,,71
4487,158.103,,71
4488,158.137,,71
4489,158.170,,71
4490,158.203,,71
4491,158.237,,71
4492,158.270,,71
4493,158.304,,71
4494,158.338,,71
4495,158.372,,71
4496,158.405,,71
4497,158.439,,71
4498,158.473,,71
4499,158.507,,71
4500,158.552,,71
4501,158.587,,71
4502,158.621,,71
4503,158.654,,71
4504,158.688,,71
4505,158.722,,71
4506,158.755,,71
4507,158.789,,71
4508,158.822,,71
4509,158.856,,71
4510,158.889,,71
4511,158.923,,71
4512,158.957,,71
4513,159.002,,71
4514,159.036,,71
4515,159.069,,71
4516,159.103,,71
4517,159.136,,71
4518,159.170,,71
4519,159.204,,71
4520,159.237,,71
4521,159.270,,71
4522,159.304,,71
4523,159.338,,71
4524,159.372,,71
4525,159.405,,71
4526,159.439,,71
4527,159.473,,71
4528,159.506,,71
4529,159.540,,71
4530,159.574,,71
4531,159.618,,71
4532,159.653,,72
4533,159.687,,73
4534,159.720,,73
4535,159.754,,73
4536,159.787,,73
4537,159.821,,73
4538,159.855,,73
4539,159.888,,73
4540,159.922,,73
4541,159.956,,73
4542,159.990,,73
4543,160.024,,73
4544,160.068,,73
4545,160.167,,73
4546,160.202,,73
4547,160.236,,73
4548,160.269,,73
4549,160.303,,73
4550,160.337,,73
4551,160.370,,73
4552,160.404,,73
4553,160.437,,73
4554,160.471,,73
4555,160.505,,73
4556,160.539,,73
4557,160.573,,73
4558,160.607,,73
4559,160.640,,73
4560,160.684,,73
4561,160.719,,73
4562,160.753,,73
4563,160.786,,73
4564,160.820,,73
4565,160.853,,73
4566,160.887,,73
4567,160.920,,73
4568,160.954,,73
4569,160.987,,73
4570,161.021,,73
4571,161.054,,73
4572,161.088,,73
4573,161.122,,73
4574,161.155,,73
4575,161.189,,73
4576,161.222,,73
4577,161.256,,73
4578,161.290,,73
4579,161.324,,73
4580,161.366,,73
4581,161.400,,73
4582,161.434,,73
4583,161.468,,73
4584,161.502,,73
4585,163.299,,72
4586,163.336,,72
4587,163.369,,72
4588,163.403,,72
4589,163.437,,72
4590,163.470,,72
4591,163.504,,72
4592,163.537,,72
4593,163.571,,72
4594,163.605,,72
4595,163.639,,72
4596,163.672,,72
4597,163.705,,72
4598,163.739,,72
4599,163.773,,72
4600,163.807,,72
4601,163.851,,72
4602,163.885,,72
4603,163.918,,72
4604,163.951,,72
4605,163.985,,72
4606,164.019,,72
4607,164.053,golpe,72
4608,164.086,golpe,72
4609,164.119,golpe,72
4610,164.153,golpe,72
4611,164.187,golpe,72
4612,164.220,golpe,72
4613,164.254,golpe,72
4614,164.287,golpe,72
4615,164.321,golpe,72
4616,164.355,golpe,72
4617,164.388,golpe,72
4618,164.422,golpe,72
4619,164.456,golpe,72
4620,164.489,golpe,72
4621,164.523,golpe,72
4622,164.556,golpe,72
4623,164.590,golpe,72
4624,164.635,golpe,72
4625,164.669,golpe,72
4626,164.703,golpe,72
4627,164.737,golpe,72
4628,164.770,golpe,72
4629,164.804,golpe,72
4630,164.838,golpe,72
4631,164.872,golpe,72
4632,164.906,golpe,72
4633,164.939,golpe,72
4634,164.973,golpe,72
4635,165.006,golpe,72
4636,165.040,golpe,72
4637,165.073,golpe,72
4638,165.107,golpe,72
4639,165.151,golpe,72
4640,165.185,golpe,72
4641,165.219,golpe,72
4642,165.252,golpe,72
4643,165.286,golpe,72
4644,165.321,golpe,72
4645,165.354,golpe,72
4646,165.388,golpe,72
4647,165.422,golpe,72
4648,165.456,golpe,72
4649,165.490,golpe,72
4650,165.534,golpe,72
4651,165.568,golpe,72
4652,165.602,golpe,72
4653,165.635,golpe,72
4654,165.668,golpe,72
4655,165.702,golpe,72
4656,165.736,golpe,72
4657,165.769,golpe,72
4658,165.803,golpe,72
4659,165.837,golpe,72
4660,165.871,golpe,72
4661,165.905,golpe,72
4662,165.939,golpe,72
4663,165.972,golpe,72
4664,166.005,golpe,72
4665,166.039,golpe,72
4666,166.072,golpe,71
4667,166.106,golpe,71
4668,166.140,golpe,71
4669,166.173,golpe,71
4670,166.206,golpe,71
4671,166.240,golpe,71
4672,166.290,golpe,71
4673,166.340,golpe,71
4674,166.379,golpe,71
4675,166.418,golpe,71
4676,166.451,golpe,71
4677,166.485,golpe,71
4678,166.518,golpe,71
4679,166.552,golpe,71
4680,166.586,golpe,71
4681,166.620,golpe,71
4682,166.653,golpe,71
4683,166.687,golpe,71
4684,166.720,golpe,71
4685,166.754,golpe,71
4686,166.788,golpe,71
4687,166.822,golpe,71
4688,166.855,golpe,71
4689,166.889,golpe,71
4690,166.923,golpe,71
4691,166.956,golpe,71
4692,166.990,golpe,71
4693,167.023,golpe,71
4694,167.057,golpe,71
4695,167.101,golpe,71
4696,167.134,golpe,71
4697,167.168,golpe,71
4698,167.202,golpe,71
4699,167.235,golpe,71
4700,167.269,golpe,71
4701,167.302,golpe,71
4702,167.336,golpe,71
4703,167.370,golpe,71
4704,167.403,golpe,71
4705,167.437,golpe,71
4706,167.471,golpe,71
4707,167.505,golpe,71
4708,167.538,golpe,71
4709,167.571,golpe,71
4710,167.605,golpe,71
4711,167.638,golpe,71
4712,167.672,golpe,71
4713,167.706,golpe,71
4714,167.740,golpe,71
4715,167.774,golpe,71
4716,167.807,golpe,71
4717,167.851,golpe,71
4718,167.884,golpe,71
4719,167.918,golpe,71
4720,167.951,golpe,71
4721,167.988,golpe,71
4722,168.021,golpe,71
4723,168.055,golpe,71
4724,168.089,golpe,71
4725,168.122,golpe,71
4726,168.156,golpe,71
4727,168.189,golpe,71
4728,168.223,golpe,71
4729,168.257,golpe,71
4730,168.301,golpe,71
4731,168.336,golpe,71
4732,168.370,golpe,71
4733,168.403,golpe,71
4734,168.437,golpe,71
4735,168.471,golpe,71
4736,168.504,golpe,71
4737,168.537,golpe,71
4738,168.571,golpe,71
4739,168.604,golpe,71
4740,168.638,golpe,71
4741,168.672,golpe,71
4742,168.706,golpe,71
4743,168.739,golpe,71
4744,168.773,golpe,71
4745,168.806,golpe,71
4746,168.840,golpe,71
4747,168.873,golpe,71
4748,168.907,golpe,71
4749,168.940,golpe,71
4750,168.984,golpe,71
4751,169.017,golpe,71
4752,169.052,golpe,71
4753,169.086,golpe,71
4754,169.119,golpe,71
4755,169.153,golpe,71
4756,169.187,golpe,71
4757,169.220,golpe,71
4758,169.254,golpe,71
4759,169.288,golpe,71
4760,169.321,golpe,71
4761,169.355,golpe,71
4762,169.388,golpe,71
4763,169.422,golpe,71
4764,169.456,golpe,71
4765,169.489,golpe,71
4766,169.523,golpe,71
4767,169.556,golpe,71
4768,169.590,golpe,71
4769,169.624,golpe,72
4770,169.668,golpe,72
4771,169.701,golpe,72
4772,169.735,golpe,73
4773,169.769,golpe,73
4774,169.803,golpe,73
4775,169.836,golpe,73
4776,169.869,golpe,73
4777,169.903,golpe,73
4778,169.937,golpe,73
4779,169.971,golpe,73
4780,170.004,golpe,73
4781,170.038,golpe,73
4782,170.072,golpe,73
4783,170.106,golpe,73
4784,170.140,golpe,73
4785,170.173,golpe,73
4786,170.207,golpe,73
4787,170.251,golpe,73
4788,170.285,golpe,73
4789,170.319,golpe,73
4790,170.352,golpe,73
4791,170.386,golpe,73
4792,170.420,golpe,73
4793,170.454,golpe,73
4794,170.487,golpe,73
4795,170.521,golpe,73
4796,170.554,golpe,73
4797,170.588,golpe,73
4798,170.622,golpe,73
4799,170.656,golpe,73
4800,170.689,golpe,73
4801,170.723,golpe,73
4802,170.757,golpe,73
4803,170.790,golpe,73
4804,170.836,golpe,73
4805,170.869,golpe,73
4806,170.903,golpe,73
4807,170.937,golpe,73
4808,170.971,golpe,73
4809,171.004,golpe,73
4810,171.038,golpe,73
4811,171.072,golpe,73
4812,171.105,golpe,73
4813,171.139,golpe,73
4814,171.172,golpe,73
4815,171.206,golpe,73
4816,171.240,golpe,73
4817,171.273,golpe,73
4818,171.307,golpe,73
4819,171.352,golpe,73
4820,171.386,golpe,73
4821,171.419,golpe,73
4822,171.453,golpe,73
4823,171.487,golpe,73
4824,171.520,golpe,73
4825,171.554,golpe,73
4826,171.588,golpe,73
4827,171.622,golpe,73
4828,171.656,golpe,73
4829,171.689,golpe,73
4830,171.723,golpe,73
4831,171.757,golpe,73
4832,171.790,golpe,73
4833,171.823,golpe,73
4834,171.857,golpe,73
4835,171.900,golpe,73
4836,171.934,golpe,73
4837,171.969,golpe,73
4838,172.002,golpe,73
4839,172.036,golpe,73
4840,172.070,golpe,73
4841,172.103,golpe,73
4842,172.137,golpe,73
4843,172.170,golpe,73
4844,172.204,golpe,73
4845,172.238,golpe,73
4846,172.271,golpe,73
4847,172.305,golpe,73
4848,172.339,golpe,73
4849,172.372,golpe,73
4850,172.406,golpe,73
4851,172.439,golpe,72
4852,172.472,golpe,72
4853,172.506,golpe,72
4854,172.539,golpe,72
4855,172.573,golpe,72
4856,172.607,golpe,72
4857,172.650,golpe,72
4858,172.685,golpe,72
4859,172.718,golpe,72
4860,172.752,golpe,72
4861,172.787,golpe,72
4862,172.820,golpe,72
4863,172.854,golpe,72
4864,172.887,golpe,72
4865,172.921,golpe,72
4866,172.955,golpe,72
4867,172.989,golpe,72
4868,173.022,golpe,72
4869,173.056,golpe,72
4870,173.089,golpe,72
4871,173.123,golpe,72
4872,173.157,golpe,72
4873,173.190,golpe,72
4874,173.224,golpe,72
4875,173.267,golpe,72
4876,173.303,golpe,72
4877,173.336,golpe,72
4878,173.370,golpe,72
4879,173.404,golpe,72
4880,173.437,golpe,72
4881,173.471,golpe,72
4882,173.505,golpe,72
4883,173.539,golpe,72
4884,173.572,golpe,72
4885,173.606,golpe,72
4886,173.639,golpe,72
4887,173.673,golpe,72
4888,173.707,golpe,72
4889,173.740,golpe,72
4890,173.784,golpe,72
4891,173.818,golpe,72
4892,173.851,golpe,72
4893,173.885,golpe,72
4894,173.920,golpe,72
4895,173.953,golpe,72
4896,173.987,golpe,72
4897,174.020,golpe,72
4898,174.054,golpe,72
4899,174.088,golpe,72
4900,174.121,golpe,72
4901,174.155,golpe,72
4902,174.189,golpe,72
4903,174.223,golpe,72
4904,174.256,golpe,72
4905,174.290,golpe,72
4906,174.324,golpe,72
4907,174.368,golpe,72
4908,174.402,golpe,72
4909,174.435,golpe,72
4910,174.469,golpe,72
4911,174.503,golpe,72
4912,174.536,golpe,72
4913,174.571,golpe,72
4914,174.604,golpe,72
4915,174.638,golpe,72
4916,174.672,golpe,72
4917,174.706,golpe,72
4918,174.739,golpe,72
4919,174.773,golpe,72
4920,174.807,golpe,72
4921,174.841,golpe,72
4922,174.883,golpe,72
4923,174.919,golpe,72
4924,174.953,golpe,72
4925,174.986,golpe,72
4926,175.020,golpe,72
4927,175.054,golpe,72
4928,175.088,golpe,72
4929,175.121,golpe,72
4930,175.155,golpe,72
4931,175.189,golpe,72
4932,175.223,golpe,72
4933,175.256,golpe,72
4934,175.290,golpe,72
4935,175.323,golpe,72
4936,175.357,golpe,72
4937,175.402,golpe,72
4938,175.436,golpe,72
4939,175.470,golpe,72
4940,175.503,golpe,72
4941,175.536,golpe,72
4942,175.570,golpe,72
4943,175.604,golpe,72
4944,175.637,golpe,72
4945,175.671,golpe,72
4946,175.705,golpe,72
4947,175.739,golpe,72
4948,175.772,golpe,72
4949,175.806,golpe,72
4950,175.840,golpe,72
4951,175.873,golpe,72
4952,175.907,golpe,71
